COURSE CODE,COURSE TITLE,MAJOR(S) REQUIRED,REQUIRED OPTIONS,DIVISION,PROGRAM,CREDIT HOURS,SOURCE OF CLOs,DATE OF UPDATED RECORDED CLOs,,,TIL,SQL,INQ,ANL,INT,CRE,COM,COL,GCU,DEI,INFO LIT,SCI LIT,TECH LIT,QUANT LIT
SCI-XXX,Science Choice,,,ITS,,4,,,,,1,3,0.5,2,0,0,0,0,0,0,#DIV/0!,#DIV/0!,#DIV/0!,#DIV/0!
MTH-XXX,Math Choice,,,ITS,MATH,3,,,,,1.4375,3,0.7647058824,1.588235294,1.176470588,0.05882352941,1.294117647,0.2352941176,0.2352941176,0.375,#DIV/0!,#DIV/0!,#DIV/0!,#DIV/0!
CRJ-XXX,Criminal Justice Choice,,,SOI,CRIM,3,,,,,2,0.7,2.909090909,2.818181818,2.181818182,0.3636363636,2.363636364,0.4545454545,1.363636364,3,3,0,0,0
ACC-XXX,Accounting Choice,,,SSB,ACCT,3,,,,,1.571428571,2.714285714,1.5,2.928571429,2.071428571,0.2142857143,1.357142857,0.6428571429,0.2857142857,0.25,1.5,1.5,1.5,3
WRT-XXX,Writing Choice,,,CCM,PWRT,3,,,,,1.125,0,1.916666667,1.666666667,1.583333333,2.75,2.916666667,1.416666667,0.75,0.4,#DIV/0!,#DIV/0!,#DIV/0!,#DIV/0!
CSI-XXX,Computer Science Choice,,,ITS,CSIN,3,,,,,2.68,0.92,1.307692308,2.384615385,1.423076923,0.8076923077,1.038461538,0.4615384615,0.7692307692,0.6923076923,0.75,0.5,3,1
FLM-XXX,Filmmaking Choice,,,CCM,FMM,3,,,,,1.269230769,0.3076923077,1.346153846,1.730769231,1.807692308,2.153846154,2.538461538,1.884615385,1.615384615,1.333333333,#DIV/0!,#DIV/0!,#DIV/0!,#DIV/0!
ACC-135,Accounting for Decision Making,"ACCT, BSBA, FINA, GMBP, GMPG",,SSB,ACCT,3,Curriculog,New 1/7/2020,,,1,3,1,3,1,1,1,2,0,0,,,,
ACC-145,Financial Accounting,"ACCT, FINA",,SSB,ACCT,3,Curriculog,New 3/31/2023,,,1,3,1,3,1,1,1,1,0,0,,,,
ACC-230,Intermediate Accounting I,"ACCT, FINA",,SSB,ACCT,3,Recent Syllabi,New 8/10/2020,,,2,3,1,3,2,0,0,0,0,0,,,,
ACC-231,Intermediate Accounting II,"ACCT, FINA",,SSB,ACCT,3,Recent Syllabi,New 8/10/2020,,,2,3,1,3,2,0,2,1,0,0,,,,
ACC-310,Federal Taxes I,,,SSB,ACCT,3,Recent Syllabi,5/1/2016,,,1,3,1,3,2,0,0,0,1,,,,,
ACC-325,Fundmentals of Federal Taxation,ACCT,,SSB,ACCT,3,Curriculog,New 3/31/2023,,,2,3,3,3,3,0,2,1,0,1,,,,
ACC-340,Cost Accounting I,,,SSB,ACCT,3,Recent Syllabi,9/1/2015,,,3,2,1,3,2,0,1,0,0,,,,,
ACC-345,Cost Accounting ,ACCT,FINA,SSB,ACCT,3,Curriculog,New 4/28/2023,,,1,3,3,3,3,1,2,0,0,0,1,3,1,3
ACC-350,Accounting Information Systems,ACCT,,SSB,ACCT,3,Recent Syllabi,1/1/2015,,,3,2,1,3,2,0,2,0,0,,,,,
ACC-370,Volunteer Income Tax Assistance,ACCT,,SSB,ACCT,1,Recent Syllabi,New 9/25/2023,,,2,1,2,3,2,0,2,2,1,1,2,0,2,3
ACC-390,Accounting Internship,ACCT,,SSB,ACCT,2,Recent Syllabi,New 8/10/2020,,,0,3,2,2,2,0,1,2,1,0,,,,
ACC-400,Advanced Accounting,"ACCT, FINA",FINA,SSB,ACCT,3,Recent Syllabi,9/1/2015,,,2,3,1,3,2,0,2,0,1,,,,,
ACC-410,Federal Taxes II,,,SSB,ACCT,3,Recent Syllabi,9/1/2015,,,1,3,2,3,2,0,1,0,0,,,,,
ACC-420,Auditing,ACCT,,SSB,ACCT,3,Recent Syllabi,1/1/2016,,,1,3,1,3,3,0,2,0,0,,,,,
ANM-100,Animation History,,,CCM,ANIM,3,,,,,,,,,,,,,,,,,,
ANM-200,2D Animation,,,CCM,ANIM,3,,,,,,,,,,,,,,,,,,
ANM-210,Animation Studio I,,,CCM,ANIM,3,,,,,,,,,,,,,,,,,,
ANM-255,Rigging for 3D Animation,,,CCM,ANIM,3,,,,,,,,,,,,,,,,,,
ANM-310,Animation Studio II,,,CCM,ANIM,3,,,,,,,,,,,,,,,,,,
ANM-400,Animation Portfolio,,,CCM,ANIM,3,,,,,,,,,,,,,,,,,,
ANM-410,Animation Studio III,,,CCM,ANIM,3,,,,,,,,,,,,,,,,,,
APP-200,Web App Project PLACEHOLDER,,,ITS,APP,3,,,,,,,,,,,,,,,,,,
APP-300,Mobile App Project PLACEHOLDER,,,ITS,APP,3,,,,,,,,,,,,,,,,,,
ART-110,"Drawing, Introductory",VCDS,,CCM,GDDM,3,Recent Syllabi,9/1/2015,,,0,0,0,0,0,2,1,0,0,,,,,
ART-111,The Digital Image,,,CCM,CREM,3,,,,,,,,,,,,,,,,,,
ART-115,"Photography, Introduction to",,,CCM,,3,,,,,,,,,,,,,,,,,,
ART-120,Art History,"ACCT, GMRT, VCDS",,CCM,GDDM,3,Recent Syllabi,New 3/31/2023,,,0,0,3,0,2,0,2,0,3,2,,,,
ART-215,"Photography, Intermediate",,,CCM,,3,,,,,,,,,,,,,,,,,,
ART-220,Cultural Immersion Through the Fine Arts Seminar,,,CCM,CREM,3,,SP 23,,,0,0,2,0,2,2,3,0,3,2,,,,
ART-235,Introduction to Painting,,,CCM,,3,,,,,,,,,,,,,,,,,,
ART-312,Printmaking Studio,,,CCM,,3,,,,,,,,,,,,,,,,,,
ART-339,Painting Other Worlds,,,CCM,,3,,,,,,,,,,,,,,,,,,
ART-380,Adv. Art History:Spec. Topics,VCDS,,CCM,GDDM,3,Recent Syllabi,9/1/2015,,,0,0,1,1,0,3,3,0,1,,,,,
ASU-100,Introduction to Sustainability,ASUS,,SOI,ASUS,3,Curriculog,New 3/31/2023,,,1,1,2,2,2,1,2,2,1,1,,,,
ASU-110,Systems Thinking,,,SOI,ASUS,3,,new,,,,,,,,,,,,1,,,,
ASU-150,Humans and Environment: A Global History of Sustainability,ASUS,,SOI,ASUS,3,Curriculog,New 4/28/2023,,,1,1,1,1,1,1,2,1,2,1,1,1,1,1
ASU-200,Policy&Govern Sustainability,ASUS,,SOI,ASUS,3,Curriculog,New 4/28/2023,,,2,1,3,3,2,1,2,1,2,2,2,1,1,1
ASU-250,Sustainability and Globalization,,,SOI,ASUS,3,,ENP,,,1,1,2,3,2,0,1,1,3,2,,,,
ASU-270,Food Systems,,,SOI,ASUS,3,,ENP,,,1,1,3,3,3,0,1,0,3,1,,,,
ASU-290,Campus Community,,,SOI,ASUS,3,,,,,,,,,,,,,,,,,,
ASU-300,Placed-Based Sustainability,,,SOI,ASUS,3,,ENP,,,1,1,2,3,3,1,2,1,1,2,,,,
ASU-310,"Equity, Justice, and Sustainability",,,SOI,ASUS,3,,ENP,,,2,1,2,3,3,2,2,1,3,3,,,,
ASU-330,Wildlife Ecology,,,SOI,ASUS,3,,Fall 2023,,,,,2,2,2,0,1,0,0,1,2,3,1,2
ASU-390,Professional Skills in Sustainability,,,SOI,ASUS,3,,,,,,,,,,,,,,,,,,
ASU-410,Ecological Economics,,,SOI,ASUS,3,,ENP,,,3,3,2,3,3,1,1,1,2,3,,,,
ASU-450,Decision-Making for Sustainability,,,SOI,ASUS,3,,ENP,,,3,3,2,3,3,1,1,1,2,2,,,,
ASU-490,Sustainability Applications,,,SOI,ASUS,3,,ENP,,,2,1,3,3,3,2,2,1,1,2,,,,
BDS-117,Introduction to Broadcast Writing,,,CCM,BRMP,3,https://champlain.curriculog.com/proposal:2635/form,2022SP,,,1,0,1,1,0,2,3,2,2,2,,,,
BLW-140,Business Law,,,SSB,BUS,3,Recent Syllabi,New 8/10/2020,,,1,1,2,2,2,1,1,1,1,1,,,,
BRD-110,Video Storytelling,"BRMP, DHMS, MKCM",,CCM,BRMP,3,,,,,,0,,,,,2,2,0,,,,,
BRD-117,Introduction to Broadcast Writing,BRMP,,CCM,BRMP,3,,SP 23,,,1,0,1,1,0,2,3,2,2,2,,,,
BRD-130,Audio Production,"BRMP, GMSD",,CCM,BRMP,3,,,,,2,,,,,,2,,,,,,,
BRD-140,Radio Production I,BRMP,,CCM,BRMP,3,College-approved curriculum,,,,2,0,2,2,2,3,2,2,2,,,,,
BRD-217,Brd Wrtng & Prod,BRMP,,CCM,BRMP,3,https://champlain.curriculog.com/proposal:2636/form,2022SP,,,2,0,1,1,2,2,3,3,2,1,,,,
BRD-230,Production of Social Media,"BRMP, MKCM",,CCM,BRMP,3,,,,,,,2,2,2,,2,2,2,,,,,
BRD-240,Podcasting,,,CCM,BRMP,3,https://champlain.curriculog.com/proposal:2628/form,2022SP,,,3,0,1,2,2,3,3,3,2,2,,,,
BRD-245,Video Field Production,,,CCM,BRMP,3,,,,,,,,,,,,,,,,,,
BRD-247,Multi-Cam Production,BRMP,,CCM,BRMP,3,https://champlain.curriculog.com/proposal:2627/form,2022SP,,,2,0,0,1,2,2,3,3,2,1,,,,
BRD-250,Show Producing I,BRMP,,CCM,BRMP,3,College-approved curriculum,3/26/18,,,1,0,2,2,2,2,3,3,3,2,,,,
BRD-330,Advanced Audio & Sound Design,"BRMP, GMSDGMSD",,CCM,BRMP,3,,,,,2,,,2,2,2,,,0,,,,,
BRD-347,Advanced Field Production,,BRMP,CCM,BRMP,,https://champlain.curriculog.com/proposal,2022SP,,,2,0,0,2,2,3,3,2,3,2,,,,
BRD-350,Show Producing II,BRMP,,CCM,BRMP,3,College-approved curriculum,3/26/18,,,2,1,2,2,2,2,2,2,2,2,,,,
BRD-380,Truth in the Era of Fake News,,,CCM,BRMP,3,https://champlain.curriculog.com/proposal:2638/form,2022SP,,,2,0,3,3,2,0,3,2,3,3,,,,
BRD-400,Program Development & Production,BRMP,,CCM,BRMP,3,https://champlain.curriculog.com/proposal:2637/form,3/31/2023,,,3,0,2,3,3,3,3,3,2,2,,,,
BRD-445,Client-Based Production,BRMP,,CCM,BRMP,3,,,,,0,0,2,2,2,2,2,2,2,2,,,,
BRD-450,Media History: The Cultural Impact of Television,,BRMP,CCM,BRMP,3,,,,,0,0,2,2,2,1,3,1,2,2,,,,
BUS-110,Biz & Entrepreneurial Mindset,"ACCT, FINA, GMBP, GMPG, MKTG",,SSB,BUS,3,College Approved,New 4/28/2023,,,0,0,3,2,3,3,2,2,1,1,0,0,1,0
BUS-120,Int'l Bus. & Macroeconomics,"ACCT, FINA, GMBP, GMPG, APDV",,SSB,BUS,3,College Approved,spring 2016,,,1,0,2,2,2,1,2,2,1,,,,,
BUS-210,Corporate Social Responsibility,"ACCT, FINA, GMPG",MKTG,SSB,BUS,3,College Approved,1/1/2012,,,0,0,3,2,1,0,2,1,3,,,,,
BUS-310,International Bus. and Macroeconomics,"ACCT, FINA, GMPG, MKTG",,SSB,IBUS,3,Syllabus,9/1/2015,,,2,1,2,3,3,0,2,1,3,,,,,
CCC-310,Integrative Film Practices,FILM,,CCM,FILM,1,,,,,1,0,2,2,3,1,3,1,3,,,,,
CCC-410,College Capstone,,,CCM,,5,,,,,3,3,3,3,3,3,3,3,3,,,,,
CCC-410ACC,Accounting Capstone,,,SSB,ACCT,,Recent Syllabi,1/1/2016,,,1,2,0,3,2,3,3,2,2,,,,,
CCC-410ANM,,,,CCM,ANIM,,,,,,,,,,,,,,,,,,,
CCC-410ASU,Applied Sustainability Capstone,,,SOI,ASUS,,,ENP,,,,,,,,,,,,2,,,,
CCC-410BRD,Broadcast Media Capstone,,,CCM,BRMP,4,,,,,3,3,3,3,3,3,3,3,3,3,,,,
CCC-410COM,Communication Capstone,,,CCM,COMM,4,Recent Syllabi,fa2016,,,1,0,2,1,2,2,3,2,1,,,,,
CCC-410CRE,Creative Media Capstone,,,CCM,CREM,4,,,,,3,1,3,3,3,3,3,1,2,2,,,,
CCC-410CRJ,Crimincal Justice Capstone,,,SOI,CRIM,3,Recent Syllabi,New 3/31/2023,,,3,0,3,3,2,1,3,1,2,1,,,,
CCC-410EDU,Education Capstone- Student Teaching,,,SOI,EDUC,3,Recent Syllabi,2016FA,,,0,0,3,3,3,1,3,3,3,,,,,
CCC-410EGD,College Capstone in Game Dev.,,,GameStudio,GameStudio,5,,FA 23,,,,,3,3,3,3,3,3,3,3,3,0,3,2
CCC-410ENP,College Capstone,,,SOI,ASUS,,,SP 18,,,1,1,3,3,3,0,2,0,1,,,,,
CCC-410FIN,Finance Capstone,,,SSB,FINA,5,Proposal ,,,,2,3,2,3,3,1,2,2,0,,,,,
CCC-410FLM,Filmmaking Capstone,,,CCM,FILM,4,,,,,3,0,2,1,3,3,3,2,2,,,,,
CCC-410GAA,Game Art Capstone,,,CCM,GART,5,,,,,3,3,2,0,3,3,3,3,3,3,3,3,3,3
CCC-410GMD,Game Design Capstone,,,CCM,GDES,,,,,,3,3,3,3,3,3,3,3,3,,,,,
CCC-410GMS,Game Sound Capstone,,,CCM,GMSD,5,College-approved curriculum,,,,3,1,3,3,3,2,3,3,3,3,3,0,3,2
CCC-410INN,,,,CCM,INN,,,,,,,,,,,,,,,,,,,
CCC-410INT,,,,SSB,IBUS,,Recent Syllabi,fall 2016,,,2,2,3,3,2,1,1,1,3,,,,,
CCC-410ITS,ITS Capstone Design,,,ITS,CNCS,2,Recent Syllabi and/or reviewed assignments,,,,3,3,3,3,3,3,3,2,0,1,,,,
CCC-410IXD,Interaction Design Capstone,,,CCM,IXDS,,,,,,3,1,3,3,3,3,3,3,2,1,,,,
CCC-410L,Capstone Studio,,,CCM,,,,,,,,,,,,,,,,,,,,
CCC-410LEG,College Capstone: Law,,,SOI,LAW,,,SP 22,,,3,0,3,3,0,1,3,1,1,1,,,,
CCC-410MKC,Marketing Communication Capstone,,,CCM,MKCM,,,,,,2,0,3,3,3,3,3,3,2,2,,,,
CCC-410MKT,Marketing Capstone,,,SSB,MKTG,3,Recent Syllabi,New 3/31/2023,,,3,0,2,2,3,2,0,0,1,1,,,,
CCC-410MTH,Math Capstone Design,,,ITS,MATH,2,,,,,2,3,2,1,2,1,3,1,0,0,,,,
CCC-410PSY,Psychology Capstone,,,SOI,PSYC,3,Recent Syllabi,New 6/27/2017,,,2,1,3,2,3,3,1,0,1,0,,,,
CCC-410SOI,College Capstone SoSI,,,SOI,,,,,,,,,,,,,,,,,,,,
CCC-410SWK,Social Work Capstone,,,SOI,SOWK,3,Recent Syllabi,New 10/24/2019,,,2,2,2,1,3,3,3,1,1,2,,,,
CCC-410WRT,Writing and Publishing Capstone,,,CCM,PWRT,,,,,,1,0,3,3,3,3,3,2,1,,,,,
CCC-411,,,,ITS,CNCS,,College-approved curriculum,,,,3,0,3,3,0,3,3,0,3,,,,,
CCC-411,,,,ITS,MATH,,,,,,0,3,2,1,2,1,3,1,1,1,,,,
CCC-411FIN,College Capstone - Finance,,,SSB,FINA,3,,,,,2,3,2,3,3,1,2,2,0,,,,,
CCC-412DDL,DDL Capstone III,,,AAO,,,,,,,,,,,,,,,,,,,,
CCC-412ITS,ITS Capstone Snr Project:CSIN,,,ITS,CNCS,3,Recent Syllabi and/or reviewed assignments,,,,3,3,3,3,3,3,3,2,1,,,,,
CCC-412IXDS,Capstone Snr Project:IXDS,,,CCM,IXDS,,,,,,3,1,2,2,3,3,3,3,2,2,,,,
CCC-412MTH,ITS Capstone Snr Project:MATH,,,ITS,MATH,3,,,,,2,3,2,1,2,1,3,3,0,1,,,,
CCM-491,Comm & Media Internship,,,CCM,,1,,FA 17,,,0,0,0,1,2,0,3,2,0,,,,,
CCM-492,Comm & Media Internship,,,CCM,,2,,FA 17,,,0,0,0,1,2,0,3,2,0,,,,,
CCM-493,Comm & Media Internship,,,CCM,,3,,FA 17,,,0,0,0,2,3,0,3,2,0,,,,,
CCM-493BRMP,Comm & Media Internship,"BRMP, MKCM",,CCM,BRMP,3,College-approved curriculum,,,,,,,,2,2,2,2,,,,,,
CCM-493IXDS,Comm & Media Internship,,FILM,CCM,IXDS,3,Recent Syllabi,,,,0,0,1,1,2,3,3,2,3,2,,,,
CCM-493PWRT,Comm & Media Internship,,,CCM,PWRT,3,,,,,0,0,2,0,3,2,2,0,0,,,,,
CCM-494,Comm & Media Internship,,,CCM,,4,,FA 17,,,0,0,0,1,2,0,3,2,0,,,,,
CCM-495,Comm & Media Internship,,,CCM,,5,,FA 17,,,0,0,0,1,2,0,3,2,0,,,,,
CCM-496,Comm & Media Internship,,,CCM,,6,,FA 17,,,0,0,0,1,2,0,3,2,0,,,,,
CCX-105,Academic Reset,,,,,0,,,,,,,,,,,,,,,,,,
CIT-130,,,,ITS,CNCS,3,Recent Syllabi and/or reviewed assignments,,,,0,0,1,3,2,0,1,0,0,,,,,
CMP-101,Champ 101,,,,,0,,,,,,,,,,,,,,,,,,
COM-100,"Human Communication, Foundat.","ASUS, GMBP",,CCM,COMM,3,Recent Syllabi,fa2016,,,,,,,,,,,,,,,,
COM-110,Public Speaking,"DATA, LAW",BRMP,CCM,COMM,3,Recent Syllabi,fa2016,,,2,0,1,3,1,2,3,2,1,,,,,
COM-120,Media and Society,"BRMP, MKCM, PWRT",,CCM,MKCM,3,Recent Syllabi,09/01/2016,,,3,0,3,2,1,0,3,0,1,1,,,,
COM-210,Principles of Public Relations,MKCM,,CCM,MKCM,3,Recent Syllabi,1/25/2021,,,1,0,2,2,3,2,3,1,2,1,,,,
COM-220,Communication and Ethics,,BRMP,CCM,COMM,3,Recent Syllabi,fa2016,,,1,0,3,2,3,1,3,0,2,,,,,
COM-230,Small Group Communication,,,CCM,IXDS,3,Recent Syllabi,,,,0,0,1,0,0,0,3,3,1,2,,,,
COM-270,Intercultural Communication,,,CCM,COMM,3,Recent Syllabi,fa2016,,,0,0,3,2,2,0,3,0,3,,,,,
COM-305,Creativity & Conceptual Development,,,CCM,COMM,3,Recent Syllabi,fa2016,,,1,0,2,2,3,3,3,2,0,,,,,
COM-310,Persuasion,,,CCM,COMM,3,Recent Syllabi,fa2016,,,1,0,1,2,1,3,3,2,0,,,,,
COM-311,Writing for Public Relations,MKCM,,CCM,MKCM,3,,,,,3,0,2,3,3,3,3,2,1,1,,,,
COM-315,Contemporary Media Issues,,,CCM,COMM,3,Recent Syllabi,fa2016,,,2,0,3,3,3,3,2,2,1,,,,,
COM-325,Social Media Influencer,,,CCM,MKCM,3,,,,,,,,,,,,,,,,,,
COM-350,Conflict Management,,,CCM,MKCM,3,,,,,,,,,,,,,,,,,,
COM-355,Prof. Communication Practices,"BRMP, MKCM",,CCM,MKCM,1,,,,,1,0,2,0,0,1,1,0,0,0,,,,
COM-360,Social Interaction in the Digital Age,,,CCM,COMM,3,Recent Syllabi,fa2016,,,0,0,2,2,2,0,2,1,1,,,,,
COM-365,Legal Issues in Communication,MKTG,BRMP,CCM,COMM,3,,,,,,,,,,,,,,,,,,
COM-400,Public Relations Campaign Dev,MKCM,,CCM,MKCM,3,,,,,3,1,3,3,3,3,3,3,1,1,,,,
COM-410,Crisis Communication,,,SSB,MKCM,3,,FA 17,,,1,1,2,3,1,2,3,2,1,,,,,
COM-475,Communication Field Practicum,MKCM,,CCM,MKCM,3,,,,,1,0,2,0,0,2,3,0,0,0,,,,
COM-490,Media Communication Internship,,,CCM,COMM,3,Recent Syllabi,fa2016,,,0,0,2,2,1,2,3,2,0,,,,,
COR-101,Navigating Higher Education,,,COR,CORE,3,,,,,1,0,2,3,2,0,1,1,1,3,1,0,0,0
COR-102,FYI: Reading & Writing,,,COR,CORE,3,,,,,2,0,3,3,2,0,3,0,1,2,2,0,0,0
COR-103,Navigating Information,,,COR,CORE,3,,,,,3,0,1,1,1,0,3,2,0,2,3,0,0,0
COR-104,FYI: Making/Doing,,,COR,CORE,3,,,,,1,0,1,1,3,2,2,3,0,1,1,0,0,0
COR-201,Science Meaning Making,,,COR,CORE,3,,,,,2,3,3,3,2,1,0,0,1,2,2,3,1,1
COR-202,Interdisciplinary Perspectives,,,COR,CORE,3,,,,,2,0,3,2,3,1,1,3,1,1,2,0,0,0
COR-203,Culture Meaning Making,,,COR,CORE,3,,,,,2,0,2,3,2,1,3,0,3,3,2,0,0,0
COR-204,Theoretical Perspectives,,,COR,CORE,3,,,,,1,0,3,3,2,0,1,0,3,3,1,0,0,0
COR-285,Integrative Thinking Seminar,,,COR,CORE,3,,FA 22,,,1,0,3,2,3,1,3,1,1,3,,,,
COR-301,Connecting Place & Identity,,,COR,CORE,3,,,,,1,1,1,2,2,0,3,0,3,2,1,0,1,1
COR-302,Field Methods,,,COR,CORE,3,,,,,1,2,2,3,2,0,2,1,2,3,1,2,0,1
COR-303,Past&Present,,,COR,CORE,3,,,,,1,0,1,2,2,0,1,0,3,3,1,0,0,0
COR-304,Digital Methods,,,COR,CORE,3,,,,,1,1,2,3,1,0,1,0,1,2,1,0,3,1
COR-470,Global Studies Senior Seminar,,,COR,CORE,3,,,,,,,,,,,,,,,,,,
CRE-100,Making Art,CREM,,CCM,CREM,3,,,,,0,0,3,1,1,3,2,1,1,1,,,,
CRE-125,Integrated Studio Foundations,CREM,,CCM,CREM,3,,New 1/7/2020,,,3,1,1,1,2,2,3,3,0,1,,,,
CRE-125L,Integrated Found. - Studio,CREM,,CCM,CREM,0,,FA 20,,,3,1,1,1,2,2,3,3,0,1,,,,
CRE-180,Making Culture,CREM,,CCM,CREM,3,,New 8/25/2019,,,1,0,3,2,2,1,2,0,2,2,,,,
CRE-200,Creative Media Salon I,,,CCM,CREM,1,,,,,0,0,3,3,3,3,1,2,3,,,,,
CRE-225,Art and Social Engagement,CREM,,CCM,CREM,3,,New 1/7/2020,,,2,0,3,3,2,3,3,3,1,2,,,,
CRE-225L,Art & Social Engage. Studio,,,CCM,CREM,0,,FA 20,,,2,0,3,3,2,3,3,3,1,2,,,,
CRE-240,Creative Media Prof Pract I,CREM,,CCM,CREM,1,,New 1/7/2020,,,2,0,3,3,2,0,3,0,0,1,,,,
CRE-250,Creative Media Projects I,,,CCM,CREM,3,,,,,0,0,2,1,2,3,2,1,1,1,,,,
CRE-250L,Creative Media Proj I - Studio,,,CCM,CREM,0,,FA 20,,,,,,,,,,,,,,,,
CRE-300,Creative Media Salon II,,,CCM,CREM,2,,,,,0,0,3,2,3,1,1,0,0,,,,,
CRE-310,Art and Global Perspectives,CREM,,CCM,CREM,3,,New 8/25/2019,,,2,0,2,2,3,3,3,1,3,3,,,,
CRE-350,Creative Media Portfolio 2,CREM,,CCM,CREM,3,,,,,0,0,2,1,2,3,2,1,1,1,,,,
CRE-350L,Creative Media Port 2 - Studio,,,CCM,CREM,0,,,,,,,,,,,,,,,,,,
CRE-400,Creative Media Prof Pract II,CREM,,CCM,CREM,3,,New 7/27/2020,,,1,0,1,1,0,0,3,0,1,2,,,,
CRJ-100,,,,SOI,CRIM,,,,,,2,1,3,3,2,0,2,0,1,,,,,
CRJ-115,Criminal Legal Systems,CRCJ,,SOI,CRCJ,3,,FA 23,,,,,2,2,1,0,1,0,0,3,3,0,0,0
CRJ-120,Criminal Law,"DIGF, CRCJ",,SOI,CRIM,3,Recent Syllabi,2016FA,,,3,0,3,3,3,0,2,0,1,,,,,
CRJ-121,Criminal Procedure,"CRCJ, LAW",,SOI,CRIM,3,Recent Syllabi,2016sp,,,2,0,3,3,2,0,3,0,2,,,,,
CRJ-225,Digital Evidence: Law of,DIGF,CNCS,SOI,CRIM,3,,,,,,,,,,,,,,,,,,
CRJ-230,Criminal Investigation,,,SOI,CRIM,3,Recent Syllabi,2016SP,,,2,1,3,3,1,0,3,0,1,,,,,
CRJ-235,Juvenile Justice,,,SOI,CRCJ,3,,SP 22,,,0,3,3,3,2,1,3,1,1,3,,,,
CRJ-240,Family Violence: Crisis and Justice,,,SOI,CRIM,3,College-approved curriculum,Dec 2009,,,3,2,3,3,3,0,2,0,3,,,,,
CRJ-245,Restorative Justice and 21st Century Prosecution,,,SOI,CRCJ,3,,FA 19,,,,,,,,,,,,,,,,
CRJ-250,Introduction to Criminology,,,SOI,CRIM,3,,SP 21,,,,,,,,,,,,,,,,
CRJ-265,Victimology,,,SOI,CRCJ,3,,,,,,,,,,,,,,,,,,
CRJ-270,Police Operations & Supervision,,,SOI,CRIM,3,Recent Syllabi,2016FA,,,2,0,3,2,2,0,2,1,2,,,,,
CRJ-310,Investigative Interviewing,,,SOI,CRIM,3,Recent Syllabi,2016FA,,,3,0,3,3,3,0,3,0,0,,,,,
CRJ-450,Seminar in Criminal Justice Reform,,CRCJ,SOI,CRCJ,3,,SP 22,,,1,0,3,3,2,1,3,1,3,3,,,,
CRJ-490,Criminal Justice Field Exp,,CRCJ,SOI,CRIM,6,College-approved curriculum,2016FA,,,2,0,3,3,3,2,2,2,1,,,,,
CRJ-495,Vermont Police Academy Enforcement Training,,,SOI,CRIM,15,,,,,,,,,,,,,,,,,,
CSI-120,Intro to Mobile & Web Dev,"CSIN, APDV",,ITS,CSIN,3,,Spring 2017,,,3,0,1,3,0,1,1,0,3,1,,,,
CSI-140,Introduction to Programming,"CSIN, GDES, GPRO",MATH,ITS,CSIN,3,,Spring 2017,,,3,2,0,3,0,1,0,0,2,,,,,
CSI-160,Python Programming,"DIGF, CNCS, DATA, DHMS, IXDS, APDV",MATH,CCM,IXDS,3,Recent Syllabi,,,,1,2,0,1,0,0,0,0,0,0,,,,
CSI-170,Introduction to Databases,,,SOI,CRIM,3,,,,,,,,,,,,,,,,,,
CSI-180,Innov I: Technology Sandbox,CSIN,,ITS,CSIN,3,,Spring 2017,,,3,0,3,3,1,0,3,0,3,1,,,,
CSI-230,Linux/Unix Programming,CSIN,,ITS,CSIN,3,,Spring 2017,,,3,1,0,2,3,0,0,0,0,,,,,
CSI-235,Network Programming,,,ITS,CSIN,3,,Spring 2017,,,3,1,0,2,0,0,0,0,0,,,,,
CSI-240,Advanced Programming,"CSIN, GPRO",GDES,ITS,CSIN,3,,Spring 2017,,,3,2,3,3,0,1,0,0,0,,,,,
CSI-260,Advanced Python,"DIGF, DATA, APDV",,ITS,CSIN,3,,,,,3,2,3,3,0,1,0,0,0,0,,,,
CSI-270,Data Structures With Python,"DATA, APDV",,ITS,CSIN,3,,FA 18,,,3,3,3,2,0,0,0,0,0,,,,,
CSI-275,Network Programming,CSIN,,ITS,CSIN,3,,SP 19,,,3,1,0,2,0,0,0,0,0,,,,,
CSI-280,Innov II:Open Source Soft Dev,CSIN,,ITS,CSIN,3,,Spring 2017,,,3,0,1,2,2,0,1,3,2,2,2,0,3,0
CSI-281,Data Structures & Algorithms,"CSIN, GPRO",,ITS,CSIN,3,,Spring 2017,,,3,3,3,2,0,0,1,1,0,2,1,2,3,3
CSI-300,Database Management Systems,"CSIN, DATA, APDV",,ITS,CSIN,3,,Spring 2017,,,3,1,1,0,3,1,0,0,0,,,,,
CSI-318,iOS Development,APDV,,ITS,CSIN,3,,SP 18,,,3,0,0,3,3,2,2,0,1,,,,,
CSI-320,Global IT & Ethics,"CSIN, DATA,",CNCS,ITS,CSIN,3,,Spring 2017,,,3,0,3,2,1,0,3,1,3,,,,,
CSI-330,Software Development Methodologies,,,SOI,CRIM,3,,FA 21,,,3,0,3,2,0,0,2,2,2,0,,,,
CSI-340,Software Design Patterns,,,SOI,CRIM,3,,SP 20,,,1,0,2,3,0,3,2,1,0,0,,,,
CSI-357,Server-Side Application Dev.,APDV,,ITS,CSIN,3,,SP 21,,,2,1,1,3,3,1,2,1,1,1,,,,
CSI-35x,,,,ITS,CSIN,,,,,,3,1,1,1,2,0,0,0,0,,,,,
CSI-370,Computer Architecture,CSIN,,ITS,CSIN,3,,Spring 2017,,,3,2,0,3,2,1,1,0,0,,,,,
CSI-380,Innovation III: Emerging Languages,CSIN,,ITS,CSIN,3,College Approved,,,,3,0,1,3,3,0,1,0,0,0,0,0,3,1
CSI-400,Human-Computer Interaction,APDV,,ITS,CSIN,3,,FA 21,,,2,0,0,3,3,3,1,0,1,0,,,,
CSI-410,Programming for the Internet of Things,,,SOI,CRIM,3,,SP 23,,,,,0,3,3,2,2,0,1,1,0,0,3,0
CSI-420,Software Refactoring,,,ITS,CSIN,3,,SP 23,,,1,0,1,3,2,2,1,1,1,1,,,,
CSI-430,"Software Testing, Qa & Security",,,ITS,CSIN,3,,Spring 2017,,,3,0,3,3,3,0,2,2,0,,,,,
CSI-480,Innovation IV: Topics in AI,CSIN,,ITS,CSIN,3,College Approved,,,,3,1,1,2,3,2,2,0,0,,,,,
DAT-210,Introduction to Data Analytics,DATA,,ITS,DATA,3,,,,,3,3,3,3,3,3,2,2,2,,,,,
DAT-310,Advanced Data Analytics,DATA,,ITS,DATA,3,,,,,3,3,3,3,3,3,2,2,2,,,,,
DAT-330,Data Mining,DATA,,ITS,DATA,3,,,,,3,3,3,3,2,2,1,1,1,,,,,
DAT-410,Machine Learning,DATA,,ITS,DATA,3,,,,,3,3,3,3,2,2,1,1,1,,,,,
DAT-420,Forecasting & Predictive Anly.,DATA,,ITS,DATA,3,,,,,,,,,,,,,,,,,,
DAT-430,Data Visualization,DATA,,ITS,DATA,3,,,,,3,2,3,3,2,2,3,1,1,,,,,
DDL-110,Intro to Inquiry,,,AAO,DDL,3,,FA 20,,,1,0,3,2,3,0,3,0,1,2,,,,
DDL-186,Integrative Competency Portfol,,,AAO,DDL,3,,FA 20,,,0,0,1,3,2,2,3,0,1,1,,,,
DDL-190,Project Design I,,,AAO,DDL,3,,FA 20,,,3,0,3,2,2,2,2,3,0,0,,,,
DDL-250,Competencies Review,,,AAO,DDL,1,,FA 21,,,0,0,0,0,0,0,0,0,0,0,,,,
DDL-251,Competencies Review II,,,AAO,DDL,1,,,,,,,,,,,,,,,,,,
DDL-280,Basic Methods Toolbox,,,,,3,,FA 20,,,1,2,3,3,1,0,1,2,1,1,,,,
DDL-290,Project Design II,,,AAO,DDL,3,,SP 21,,,3,0,3,2,2,2,2,3,0,0,,,,
DDL-325,Interrogating Professionalism,,,AAO,DDL,3,,SP 21,,,0,0,3,2,3,2,3,1,1,1,,,,
DDL-350,Degree Design Lab Practicum,,,AAO,DDL,3,,FA 20,,,0,0,3,2,2,0,3,2,0,1,,,,
DDL-401,Competency: Analysis,,,AAO,DDL,1,,SU 22,,,0,0,0,3,0,0,0,0,0,0,0,0,0,0
DDL-402,Competency: Collaboration,,,AAO,DDL,1,,SU 22,,,0,0,0,0,0,0,0,3,0,0,0,0,0,0
DDL-403,Competency: Communication,,,AAO,DDL,1,,SU 22,,,0,0,0,0,0,0,3,0,0,0,0,0,0,0
DDL-404,Competency: Creativity,,,AAO,DDL,1,,SU 22,,,0,0,0,0,0,3,0,0,0,0,0,0,0,0
DDL-405,Competency: Diversity&inclusn,,,AAO,DDL,1,,SU 22,,,0,0,0,0,0,0,0,0,0,3,0,0,0,0
DDL-406,Competency: Global&cultrl,,,AAO,DDL,1,,SU 22,,,0,0,0,0,0,0,0,0,3,0,0,0,0,0
DDL-407,Competency: Info Literacy,,,AAO,DDL,1,,SU 22,,,0,0,0,0,0,0,0,0,0,0,3,0,0,0
DDL-408,Competency: Inquiry,,,AAO,DDL,1,,SU 22,,,0,0,3,0,0,0,0,0,0,0,0,0,0,0
DDL-409,Competency: Integration,,,AAO,DDL,1,,SU 22,,,0,0,0,0,3,0,0,0,0,0,0,0,0,0
DDL-410,Competency: Quant Literacy,,,AAO,DDL,1,,SU 22,,,0,0,0,0,0,0,0,0,0,0,0,0,0,3
DDL-411,Competency: Sci Literacy,,,AAO,DDL,1,,SU 22,,,0,0,0,0,0,0,0,0,0,0,0,3,0,0
DDL-412,Competency: Tech Literacy,,,AAO,DDL,1,,SU 22,,,0,0,0,0,0,0,0,0,0,0,0,0,3,0
ECN-110,Survery of Economics,,,SSB,FINA,3,,,,,,,,,,,,,,,,,,
ECN-255,Managerial Economics,"ACCT, BSBA, DATA, FINA, GMBP, GMPG",MKTG,SSB,BUS,3,College Approved,"spring 2016, New Aug 2020",,,2,3,3,3,2,1,2,2,1,1,,,,
ECN-350,Financial & Economic Modeling,FINA,,SSB,FINA,3,,,,,,,,,,,,,,,,,,
EDU-105,Foundations of Learning and Practicum,,,SOI,EDUC,3,Recent Syllabi,Recent-As taught,,,0,0,2,2,0,0,2,1,1,,,,,
EDU-110,Found. of Learning & Teaching,EDUC,,SOI,EDUC,3,College-approved curriculum,"2016FA, New Jan 2019",,,0,0,2,2,1,0,0,2,2,,,,,
EDU-112,Integrating Technology,,,SOI,EDUC,3,Recent Syllabi,2016SP,,,3,0,2,2,2,1,1,1,2,,,,,
EDU-115,Learning Theory,,,SOI,EDUC,3,Recent Syllabi,2016FA,,,0,0,2,2,2,1,3,1,2,,,,,
EDU-125,Children's Lit&Expressive Art,,,SOI,EDUC,3,Recent Syllabi,2016FA,,,0,0,0,1,2,3,1,0,0,,,,,
EDU-135,Teaching Diverse Learners,,,SOI,EDUC,3,Recent Syllabi,2016SP,,,0,0,3,3,2,0,1,0,2,,,,,
EDU-150,Reading and Language Development,,,SOI,EDUC,3,Recent Syllabi,2016FA,,,0,0,0,3,2,1,2,1,2,,,,,
EDU-160,Math & Science for Yng. Chldn,,,SOI,EDUC,3,Recent Syllabi,2016SP,,,0,2,2,2,1,0,1,0,0,,,,,
EDU-205,Infant/Toddler Seminar & Practicum,,,SOI,EDUC,3,Recent Syllabi,2016FA,,,0,0,2,2,2,0,2,2,2,,,,,
EDU-230,Content Literacy,,EDUC,SOI,EDUC,3,Recent Syllabi,2016FA,,,1,0,3,2,3,0,2,1,0,,,,,
EDU-233,Teaching Diverse Learners,EDUC,,SOI,EDUC,3,,SP 22,,,0,0,2,2,2,1,2,2,2,3,,,,
EDU-245,Service Learning,,,SOI,EDUC,3,College-approved curriculum,2016FA,,,0,0,3,1,3,3,1,2,3,,,,,
EDU-250,Preschool Curriculum,,,SOI,EDUC,3,Recent Syllabi,2016FA,,,0,0,2,2,2,0,1,1,1,,,,,
EDU-251,Preschool Field Experience,,,SOI,EDUC,2,Recent Syllabi,2016FA,,,0,0,0,1,2,0,3,2,2,,,,,
EDU-255,Primary Curriculum,,,SOI,EDUC,3,Recent Syllabi,2016FA,,,0,0,2,2,3,0,1,1,1,,,,,
EDU-256,Primary Field Experience,,,SOI,EDUC,3,Recent Syllabi,2016FA,,,0,0,0,2,2,0,3,2,2,,,,,
EDU-265,Literacy & Language Develop.,,EDUC,SOI,EDUC,3,,FA 22,,,1,0,1,1,1,1,2,2,2,2,,,,
EDU-270,Serv Learn Schools Society,EDUC,,SOI,EDUC,3,,FA 22,,,1,0,2,1,2,2,1,3,3,3,,,,
EDU-310,Elementary Language Arts,,,SOI,EDUC,3,Recent Syllabi,2016FA,,,1,0,3,3,3,0,2,2,0,,,,,
EDU-311,Elementary Science Methods,,,SOI,EDUC,3,Recent Syllabi,2016FA,,,3,3,3,3,3,0,3,0,0,,,,,
EDU-312,Elementary Math Methods,,,SOI,EDUC,3,Recent Syllabi,2016FA,,,0,3,3,3,2,0,2,0,0,,,,,
EDU-313,Elementary Social Studies Methods,,,SOI,EDUC,3,Recent Syllabi,2016SP,,,1,0,3,2,2,1,2,1,2,,,,,
EDU-315,Middle School Organization,,,SOI,EDUC,3,Recent Syllabi,2016FA,,,0,0,3,2,2,0,3,1,0,,,,,
EDU-320,Managing the Learning Env.,,,SOI,EDUC,3,Recent Syllabi,2016FA,,,0,0,3,3,3,0,3,3,1,,,,,
EDU-332,Middle Secondary Teach Method,,,SOI,EDUC,3,Recent Syllabi,2016FA,,,2,0,3,2,3,1,2,1,2,,,,,
EDU-335,Curric. Design & Diff Instruc.,,,SOI,EDUC,2,Recent Syllabi,2016FA,,,0,1,2,2,3,1,2,1,3,,,,,
EDU-399,Trauma Informed Classrooms,,,SOI,EDUC,3,,,,,,,,,,,,,,,,,,
EDU-425,Reflective Practices in Educ.,EDUC,,SOI,EDUC,1,College-approved curriculum,2016FA,,,0,0,2,3,3,1,1,1,1,,,,,
EDU-490,Integrated Curr & Student Teac,EDUC,,SOI,EDUC,9,Recent Syllabi,2016FA,,,3,3,3,3,3,3,3,3,3,,,,,
EGD-102,Game History,"GMRT, GMBP, GDES, GMPG, GMSD",,CCM,GART,3,,,,,,2,,,3,3,1,1,2,1,,2,,2
EGD-200,Extended Reality Technology,,,CCM,GDES,3,,SP 21,,,3,0,3,3,3,2,2,0,2,1,,,,
EGD-220,Game Studio I,"GDES, GMPG, GPRO",,CCM,GameStudio,3,,,,,3,1,2,3,2,1,3,3,2,,,,,
EGD-220GART,Game Studio I,GMRT,,CCM,GART,3,,,,,,3,1,0,2,3,2,1,3,3,2,3,3,2
EGD-240,Creative Portfolio Tools,"GMBP, GDES, GMPG, GPRO, INAR",,CCM,GameStudio,1,,,,,1,0,2,2,3,0,3,0,2,,,,,
EGD-240GART,Creative Portfolio Tools,"ANIM, GMRT",,CCM,GART,1,,,,,,2,,,2,2,3,0,3,0,,,,2
EGD-320,Game Studio II,"GMBP, GDES, GMPG, GPRO",,CCM,GameStudio,3,,,,,3,1,2,3,2,2,3,3,1,,,,,
EGD-320GART,Game Studio II,GMRT,,CCM,GART,3,,,,,,3,1,0,2,3,3,1,3,3,2,3,3,2
EGD-380,Advanced Seminar,,,CCM,GDES,3,,,,,3,1,2,2,2,2,1,0,0,,,,,
EGD-380B,Adv. Sem.: Game Development,,,CCM,GDES,3,,FA 23,,,,,2,2,2,2,1,0,0,0,0,0,3,1
EGD-380EGD,,,,CCM,GameStudio,3,,,,,3,1,2,2,2,2,1,0,0,,,,,
EGD-420,Game Studio III,"GDES, GMPG, GPRO,GMBP",,CCM,GameStudio,5,,,,,2,1,2,3,2,3,3,3,1,,,,,
EGD-420GMRT,Game Studio III,GMRT,,CCM,GART,5,,,,,,3,1,0,3,3,3,2,3,3,2,3,3,2
EHS-100,Making Connections,"ASUS, CRCJ, EDUC, LAW, PSYC, SOWK",,SOI,EHS,1,Coure proposal/syllabus,6/10/16,,,0,0,3,3,3,0,0,0,0,,,,,
EHS-200,Hot Topics Seminar,,,SOI,EHS,1,Course proposal/syllabus,6/10/16,,,0,0,3,3,3,0,0,0,0,,,,,
EHS-210,Social Justice Intensive,"CRCJ, EDUC, LAW, PSYC, SOWK",,SOI,EHS,1,Course propsal/syllabus,"6/10/16, New Mar 2023",,,0,0,3,3,3,0,0,2,0,3,,,,
EHS-230,Self & Collective Care Soc Ch,,,SOI,,1,,FA 19,,,,,,,,,,,,,,,,
EHS-410,Capstone Design,ASUS,,SOI,,1,,FA 19,,,,,,,,,,,,,,,,
EHS-490,EHS Internship Experience,,,SOI,,3,,22,,,0,0,0,0,2,0,2,1,2,1,,,,
ENG-215,Reading and Writing Fiction,,,CCM,PWRT,3,,FA 19,,,,,,,,,,,,,,,,
ENG-250,Reading & Writing Poetry,,,SOI,,3,,,,,,,,,,,,,,,,,,
ENG-260,Survey of Drama,,,SOI,,3,,FA 18,,,,,,,,,,,,,,,,
ENG-325,Young Adult Literature,,,CCM,PWRT,3,,FA 18,,,0,0,2,3,3,1,3,0,2,,,,,
ENG-350,Literature Seminar,,,CCM,PWRT,3,,,,,,,,,,,,,,,,,,
ENG-360,Adaptations:Narrative to Film,,,SOI,,3,,,,,,,,,,,,,,,,,,
ENP-270,Food Systems and Policy,,,SOI,ASUS,3,,18,,,,,,,,,,,,,,,,
ENP-280,Introduction to GIS & Spatial Analysis,,,SOI,ASUS,3,,,,,,,,,,,,,,,,,,
ENP-300,Place-Based Environ. Study,,,SOI,ASUS,3,,,,,,,,,,,,,,,,,,
ENP-310,Environmental Justice,,,SOI,ASUS,3,,,,,,,,,,,,,,,,,,
ENP-360,Environmental Law,,,SOI,ASUS,3,,,,,,,,,,,,,,,,,,
ENP-400,Environmental Policy Assessment and Development,,,SOI,ASUS,3,,,,,,,,,,,,,,,,,,
ENP-410,Ecological Economics,,,SOI,ASUS,3,,,,,,,,,,,,,,,,,,
ENP-450,Environmental Decision Making,,,SOI,ASUS,3,,,,,,,,,,,,,,,,,,
EVT-125,Principles of Event Management,,,SSB,BUSA,3,,SP 20,,,0,1,1,1,1,2,2,3,1,,,,,
EVT-315,Event Promotion and Sponsorship,,,SSB,BUSA,3,,SP 10,,,1,1,1,3,3,3,3,3,2,,,,,
EVT-497,Event Planning,,,,,3,,,,,,,,,,,,,,,,,,
FIN-240,Financial Management I,"ACCT, BSBA, FINA, GMPG, MKTG",,SSB,FINA,3,Syllabus,,,,1,3,1,2,1,0,0,0,0,,,,,
FIN-300,Investments,FINA,,SSB,FINA,3,Syllabus,,,,2,3,2,3,2,1,1,0,0,,,,,
FIN-310,Applied Regression Analysis,,FINA,SSB,FINA,3,Syllabus,,,,3,3,3,3,3,1,1,0,0,,,,,
FIN-340,Financial Management II,FINA,,SSB,FINA,3,Syllabus,,,,1,3,2,3,1,0,2,1,0,,,,,
FIN-400,Advanced Investment Topics,FINA,,SSB,FINA,3,,FA 19,,,2,3,3,3,3,0,2,1,0,,,,,
FLM-100,Film Studies: Screenings,FILM,,CCM,FILM,1,,,,,0,0,1,2,1,0,2,0,3,3,,,,
FLM-110,"Filmmaking, Intro to",FILM,,CCM,FILM,3,,,,,1,0,3,1,2,3,3,3,2,,,,,
FLM-110L,Intro to Film Studio,ANIM,,CCM,FILM,0,,FA 18,,,0,0,0,0,0,0,0,0,0,0,,,,
FLM-125,Audio Production for Film,FILM,,CCM,FILM,3,Recent Syllabi,,,,3,0,0,1,1,2,2,3,1,0,,,,
FLM-128,Screenwriting I,"ANIM, FILM",,CCM,FILM,3,,,,,1,0,3,1,2,3,3,1,1,1,,,,
FLM-210,Film History,FILM,,CCM,FILM,3,,,,,0,0,1,2,1,0,2,0,1,1,,,,
FLM-211,Film History II,FILM,,CCM,FILM,3,,,,,0,0,1,2,1,0,2,0,1,,,,,
FLM-215,Filmmaking I,FILM,,CCM,FILM,3,,,,,1,0,2,0,1,3,2,3,2,2,,,,
FLM-225,Cinematography and Lighting,FILM,BRMP,CCM,FILM,3,,,,,3,2,1,1,1,3,2,3,0,0,,,,
FLM-230,Audio & Video Editing,FILM,,CCM,FILM,3,,,,,3,1,1,3,3,2,3,2,1,1,,,,
FLM-230L,Audio & Video Editing Studio,,,CCM,FILM,0,,,,,,,,,,,,,,,,,,
FLM-250,Intro to Stop Motion Animation,,,CCM,FILM,3,,FA 21,,,2,0,1,2,2,3,3,2,3,3,,,,
FLM-260,Documentary Filmmaking,FILM,,CCM,FILM,3,,,,,1,1,3,1,3,2,3,2,3,3,,,,
FLM-285,Direct. & Act. for the Screen,FILM,,CCM,FILM,3,,,,,0,0,1,1,1,2,3,3,1,1,,,,
FLM-301,Topics in Cinema,FILM,,CCM,FILM,3,,,,,1,0,2,3,2,0,2,0,3,2,,,,
FLM-310,Production Management,,FILM,CCM,FILM,3,,,,,2,0,0,3,1,2,3,3,0,0,,,,
FLM-315,Filmmaking II,FILM,,CCM,FILM,3,,,,,1,1,1,2,3,3,3,1,2,,,,,
FLM-320,The Business of Film,,FILM,CCM,FILM,3,,,,,1,0,1,3,1,1,3,3,1,1,,,,
FLM-325,Advanced Cinematography,,,CCM,FILM,3,,FA 21,,,2,0,1,1,2,3,3,3,1,1,,,,
FLM-328,Screenwriting II,,,CCM,FILM,3,,,,,1,0,3,3,2,3,3,3,2,,,,,
FLM-330,Video Comp & Special Effects,FILM,,CCM,FILM,3,,,,,3,1,0,3,3,3,3,1,1,,,,,
FLM-360,Documentary Filmmaking II,,,CCM,FILM,3,,,,,1,1,3,3,3,3,3,3,3,,,,,
FLM-383,Experimental Moving Image,,,CCM,FILM,3,,FA 21,,,1,0,1,2,2,3,2,3,2,2,,,,
FLM-389,Urban Indie Filmmaking,,,CCM,FILM,6,,FA 21,,,2,0,1,1,2,3,3,3,3,2,,,,
FLM-410,Senior Portfolio,,,CCM,FILM,,,,,,1,0,2,1,3,3,2,1,1,,,,,
FLM-415,Filmmaking III,FILM,,CCM,FILM,3,,FA 18,,,,,,,,,,,,,,,,
FLM-428,Screenwriting III,,,CCM,FILM,3,,SP 19,,,0,0,2,2,2,3,3,3,2,,,,,
FLM-430,Color Grading,,,CCM,FILM,3,,FA 18,,,2,1,0,1,2,3,3,0,2,1,,,,
FOR-100,Intro to Cybercrime & DF,"DIGF, CRCJ",,ITS,DIGF,3,,,,,2,,,1,,,1,2,,,,,,
FOR-120,Intro. to DF Analysis,DIGF,,ITS,DIGF,3,,,,,3,1,3,2,1,0,2,0,1,0,,,,
FOR-210,Intro OS & Incident Response,DIGF,,ITS,DIGF,3,,,,,2,3,2,2,0,0,2,2,0,0,,,,
FOR-230,Operating System Forensics I,DIGF,,ITS,DIGF,3,,,,,2,0,3,2,2,1,3,1,0,0,2,0,2,0
FOR-300,Special Topics in DF,,,ITS,DIGF,1,,,,,2,0,0,2,0,0,0,0,0,0,,,,
FOR-310,Mobile Device Forensics,,,ITS,DIGF,3,,,,,2,,3,2,,,3,,2,,,,,
FOR-330,Operating System Forensics II,DIGF,,ITS,DIGF,3,,,,,2,0,3,2,2,0,3,0,0,0,,,,
FOR-350,Malware Analysis & IR,DIGF,,ITS,DIGF,3,,,,,2,0,2,3,3,0,3,0,3,0,,,,
FOR-360,Python Forensics,,,ITS,DIGF,3,,,,,2,2,2,2,3,0,3,0,3,0,,,,
FOR-370,File System Forensics,DIGF,,ITS,DIGF,3,,,,,3,2,1,3,0,2,2,0,1,0,,,,
FOR-380,Anti-Forensics,,,ITS,DIGF,3,,,,,3,2,2,2,0,2,2,0,1,0,,,,
FOR-420,E-Discovery and Data Analysis,,,ITS,DIGF,3,,,,,1,2,1,2,,,,2,1,,,,,
FOR-440,Net. Forensics&Threat Hunting,DIGF,,ITS,DIGF,3,,,,,3,0,3,3,3,0,3,0,3,0,2,0,2,0
FOR-450,Advanced Malware Analysis,DIGF,,ITS,DIGF,3,,,,,2,2,3,3,3,0,3,0,3,0,,,,
FOR-470,,,,ITS,DIGF,,,,,,,,,,,,,,,,,,,
FOR-480,Digital Forensic Practicum,DIGF,,ITS,DIGF,3,,,,,2,2,3,2,2,1,3,2,1,,,,,
FOR-490,Forensics Internship,,,ITS,DIGF,3,,,,,,,2,2,2,,3,3,1,,,,,
GAA-105,Intro to 2D Digital Art,"ANIM, GMRT",,CCM,GART,3,,,,,,0,0,0,1,1,1,2,1,0,0,0,2,1
GAA-125,Drawing for Realism I,"ANIM, GMRT",,CCM,GART,3,,,,,,0,0,0,1,1,0,1,2,0,0,0,0,0
GAA-135,Intro 3D Modeling & Texturing,"ANIM, GMRT",GDES,CCM,GART,3,,,,,,0,1,0,0,1,0,2,2,0,0,0,2,0
GAA-175,Intro to Animation,"ANIM, GMRT",,CCM,GART,3,,,,,,1,1,0,1,1,0,2,2,0,0,0,2,0
GAA-205,2D Game Art,GMRT,,CCM,GART,3,,,,,,1,1,0,1,2,2,2,2,0,0,1,2,1
GAA-225,Drawing for Realism II,"ANIM, GMRT",,CCM,GART,3,,,,,,1,1,0,1,2,0,2,1,0,0,1,2,1
GAA-235,3D Modeling,GMRT,GDES,CCM,GART,3,,,,,,1,1,0,1,2,0,2,1,0,0,1,2,1
GAA-245,"Concept Painting, Foundations",GMRT,,CCM,GART,3,,,,,,1,0,0,1,1,1,3,1,,0,1,2,1
GAA-255,3D Modeling II,,GMRT,CCM,GART,3,,,,,,1,1,0,1,2,2,3,2,0,0,1,2,1
GAA-275,3D Animation I,ANIM,GMRT,CCM,GART,3,,,,,,0,1,0,2,1,1,3,1,0,0,0,2,0
GAA-345,3D Character Development,,,CCM,GART,3,,,,,,1,0,0,2,2,2,3,1,0,0,1,3,1
GAA-350,Procedural Material Development,,,CCM,GART,3,,,,,,0,2,0,2,2,2,3,1,0,0,0,3,0
GAA-355,Game Environments,,,CCM,GART,3,,,,,,1,1,0,1,1,2,3,1,0,0,1,3,1
GAA-360,Procedural 3D Modeling,,,CCM,GART,3,,,,,,1,3,0,2,2,2,3,1,0,2,1,3,0
GAA-365,Technical Art,,,CCM,GMRT,3,,FA 17,,,,,,,,,,,,,,,,
GAA-375,3D Animation II,,,CCM,GART,3,,,,,,1,1,0,1,1,1,3,1,0,0,1,3,1
GAA-380,Adv Sem: MoCap Animation,,,CCM,GART,3,,,,,,1,1,0,2,2,2,3,1,0,1,1,3,1
GAA-415,Sr Portfolio: Game Art,GMRT,,CCM,GART,3,,,,,,1,1,0,2,3,2,3,3,0,2,1,3,1
GBP-100,Intro. to the Game Industry,"GMBP, GMPG",,SSB,GMBP,3,,FA 21,,,2,0,2,2,2,1,2,1,1,1,,,,
GBP-200,The Game Business Lifecycle,,,SSB,GMBP,3,,SP 23,,,,,3,2,3,2,2,2,3,2,3,2,2,2
GBP-300,The Global Game Industry,,,SSB,GMBP,3,,,,,,,,,,,,,,,,,,
GBP-310,Esports Management,,,SSB,GMBP,3,,,,,,,,,,,,,,,,,,
GDD-100,Program no longer exists,,,CCM,GDDM,,College Approved,9/1/2015,,,0,0,0,0,0,2,1,0,0,,,,,
GDD-115,Program no longer exists,,,CCM,GDDM,,Recent Syllabi,9/1/2015,,,1,0,0,0,0,2,2,1,0,,,,,
GDD-200,Program no longer exists,,,CCM,GDDM,,Recent Syllabi,9/1/2015,,,1,1,0,1,0,3,2,0,0,,,,,
GDD-201,Program no longer exists,,,CCM,GDDM,,Recent Syllabi,9/1/2015,,,1,2,0,1,0,2,2,0,0,,,,,
GDD-205,Program no longer exists,,,CCM,GDDM,,Recent Syllabi,9/1/2015,,,1,1,0,0,0,1,1,0,0,,,,,
GDD-206,Program no longer exists,,,CCM,GDDM,,Recent Syllabi,9/1/2015,,,1,0,0,0,0,1,1,0,0,,,,,
GDD-220,Graphic Design History,,,CCM,GDDM,,Recent Syllabi,9/1/2015,,,0,0,0,0,0,1,3,0,0,,,,,
GDD-270,Program no longer exists,,,CCM,GDDM,,Recent Syllabi,9/1/2015,,,1,0,1,1,1,3,3,0,1,,,,,
GDD-300,Program no longer exists,,,CCM,GDDM,,College Approved,5/1/2014,,,1,0,2,3,2,3,2,1,1,,,,,
GDD-301,Advanced Typography,,,CCM,GDDM,,Recent Syllabi,9/1/2015,,,1,0,2,2,3,3,3,0,1,,,,,
GDD-305,Publication Design II,,,CCM,GDDM,,Recent Syllabi,9/1/2015,,,1,0,1,1,0,3,2,3,0,,,,,
GDD-306,Web Design II,,,CCM,GDDM,,Recent Syllabi,9/1/2015,,,2,2,1,1,0,1,1,0,0,,,,,
GDD-400,Program no longer exists,,,CCM,GDDM,,Recent Syllabi,9/1/2015,,,1,0,2,2,2,3,3,3,2,,,,,
GDD-401,Program no longer exists,,,CCM,GDDM,,Recent Syllabi,9/1/2015,,,0,0,1,1,0,3,2,0,1,,,,,
GDV-100,Form and Color,,,CCM,GDDM,3,,,,,,,,,,,,,,,,,,
GDV-110,Image Technology,,,CCM,GDDM,3,,,,,,,,,,,,,,,,,,
GDV-200,Design and Communication,,,CCM,GDDM,3,,,,,,,,,,,,,,,,,,
GDV-203,Form in Motion,,,CCM,GDDM,3,,,,,,,,,,,,,,,,,,
GDV-206,Web Design I,,,CCM,GDDM,3,,,,,,,,,,,,,,,,,,
GDV-300,Projects in Graphic Design I,,,CCM,GDDM,3,,,,,,,,,,,,,,,,,,
GDV-302,Objects and Spaces,,,CCM,GDDM,3,,,,,,,,,,,,,,,,,,
GDV-305,Advanced Publication Design,,,CCM,GDDM,3,,,,,,,,,,,,,,,,,,
GDV-307,Form in Motion II,,,CCM,GDDM,3,,,,,,,,,,,,,,,,,,
GMD-100,Visual Comm. for Game Design,GDES,,CCM,GDES,3,,,,,3,2,0,1,0,0,3,0,0,,,,,
GMD-110,Introduction to Game Design,GDES,,CCM,GDES,3,,,,,2,2,1,3,3,2,3,0,0,0,1,0,2,2
GMD-120,Creativity and Play,GDES,,CCM,GDES,3,,SP 24,,,,,2,2,2,3,1,1,1,1,1,0,1,0
GMD-200,Game Technology I,GPROGDES,,CCM,GDES,3,College-approved curriculum,,,,3,1,1,2,3,3,1,0,0,0,0,0,3,1
GMD-210,Principles of Game Design,GDES,,CCM,GDES,3,,,,,1,1,1,3,3,3,3,0,2,0,0,0,1,1
GMD-230,Interactive Narrative I,INAR,,CCM,GDES,3,,FA 20,,,2,0,2,3,3,3,3,1,1,2,,,,
GMD-240,Level Design,GDES,,CCM,GDES,3,,,,,2,2,2,3,3,3,3,1,0,0,0,0,2,2
GMD-300,Game Technology II,GDES,,CCM,GDES,3,,,,,3,1,1,2,3,3,1,0,0,0,0,0,3,1
GMD-310,Applied Ludology,GDES,,CCM,GDES,3,,,,,3,3,3,3,3,3,3,1,3,0,0,0,3,3
GMD-320,Game Sys. & Experience Design,,,CCM,GDES,3,,,,,1,3,3,3,3,3,3,0,1,0,0,0,1,3
GMD-330,Interactive Storytelling,,,CCM,GDES,3,,,,,,,2,3,1,2,1,1,2,1,1,1,2,1
GMD-340,Level Design II,,,CCM,GDES,3,,FA 23,,,,,2,3,3,3,3,1,0,0,0,0,2,2
GMD-350,Interactive Narrative II,INAR,,CCM,GDES,3,,SP 20,,,2,1,2,3,3,3,3,1,1,3,,,,
GMD-380,Adv Sem: Creating Atmosphere,,,CCM,GDES,3,,,,,,,,,,,,,,,,,,
GMD-390,,,,,,,,,,,,,,,,,,,,,,,,
GMD-410,Senior Portfolio: Game Design,GDES,,CCM,GDES,3,,,,,1,0,3,3,1,2,3,0,3,3,2,2,2,0
GMS-110,Intro to Game Engines for Sound,GMSD,,CCM,GMSD,3,,SP 24,,,,,1,2,3,1,3,3,1,1,3,0,1,1
GMS-200,Game Snd Des I,,,CCM,GMSD,3,,SP 23,,,,,2,3,2,3,3,3,0,0,2,0,1,0
GMS-300,Game Snd Des II,,,CCM,GMSD,3,,SP 23,,,,,0,0,1,2,3,3,0,0,3,0,3,2
GMS-370,Middleware for Adaptive Sound,,,CCM,GMSD,3,,SP 25,,,,,1,3,3,3,2,3,1,1,3,0,1,
GMS-380,Advanced Seminar in Game Sound Design,,,CCM,GMSD,3,College-approved curriculum,,,,2,0,2,2,3,1,2,0,1,1,,,,
GMS-410,Sr Port: Game Sound,,,CCM,GMSD,3,,SP 23,,,,,2,3,3,3,3,3,2,2,1,0,0,0
GPR-100,Intro to Game Prog,GPRO,,ITS,GPRO,3,,,,,3,1,1,0,1,1,1,1,0,,,,,
GPR-200,Intro to Modern Graphics Prog,GPRO,,ITS,GPRO,3,,,,,3,1,2,2,0,0,2,0,0,,,,,
GPR-250,Game Architecture,GPRO,GDES,ITS,GPRO,3,,,,,3,2,1,3,2,0,1,2,0,,,,,
GPR-300,Inter Graphics & Anim Prog,GPRO,,ITS,GPRO,3,,,,,3,2,3,3,0,0,2,0,0,0,,,,
GPR-340,AI for Games,GPRO,,ITS,GPRO,3,,,,,3,2,1,2,1,0,0,1,0,,,,,
GPR-350,Game Physics,GPRO,,ITS,GPRO,3,,,,,3,3,2,3,0,0,0,0,0,,,,,
GPR-420,Console Programming,,,ITS,GPRO,3,,,,,3,0,1,1,0,0,3,0,0,,,,,
GPR-430,Networking for Online Games,GPRO,,ITS,GPRO,3,,,,,3,0,0,2,0,0,0,0,0,,,,,
GPR-440,Advanced AI for Games,,,ITS,GPRO,3,,FA 19,,,,,,,,,,,,,,,,
GPR-450,Adv Animation Prog,,,ITS,GPRO,3,,,,,,,,,,,,,,,,,,
GPR-460,Game Engine Design & Impl,,,ITS,GPRO,3,,,,,,,,,,,,,,,,,,
GPR-470,Game Programmer's Portfolio,GPRO,,ITS,GPRO,3,,SP 23,,,2,0,2,1,1,3,2,1,0,0,,,,
HIS-110,American History I,,,,,3,,,,,,,,,,,,,,,,,,
INN-100,,,,CCM,INAR,,,NEW COURSE,,,0,0,0,0,0,0,0,0,0,0,,,,
INN-110,Intro. Interactive Narrative,,,CCM,INN,3,,,,,,,,,,,,,,,,,,
INN-200,,,GDES,CCM,INAR,,Recent Syllabi,,,,3,1,3,3,2,3,3,1,1,2,,,,
INN-300,,,GDES,CCM,INAR,,Recent Syllabi,,,,3,1,3,3,2,3,3,1,1,2,,,,
INN-400,,,,CCM,INAR,,,NEW COURSE,,,0,0,0,0,0,0,0,0,0,0,,,,
INN-420,,,,CCM,INAR,,,NEW COURSE,,,0,0,0,0,0,0,0,0,0,0,,,,
INT-115,Exploring International Bus,,,SSB,IBUS,1,curriculum,spring 2016,,,0,0,2,3,2,0,0,0,3,,,,,
INT-210,Global Business Strategy,,,SSB,IBUS,3,Recent Syllabi,spring 2016,,,0,0,1,2,1,0,1,1,2,,,,,
INT-230,Import/Export,,,SSB,IBUS,3,Syllabus,1/1/2016,,,0,0,0,3,3,2,1,0,2,,,,,
INT-260,International Marketing,,,SSB,IBUS,3,Syllabus,9/1/2015,,,0,0,1,2,1,3,2,2,3,,,,,
INT-320,International Finance & Trade,FINA,,SSB,IBUS,3,Syllabus,1/1/2016,,,0,2,3,3,3,0,0,0,2,,,,,
INT-330,International Relations,,,SSB,IBUS,3,Syllabus,1/1/2016,,,0,0,2,2,3,2,3,0,3,,,,,
INT-362,Global Competitive Intelligence,,,SSB,IBUS,3,Syllabus,1/1/2016,,,3,3,2,3,2,1,2,0,2,,,,,
INT-490,International Business Internship,,,SSB,IBUS,3,Syllabus,9/1/2015,,,0,0,3,2,2,0,3,0,2,,,,,
INV-210,Creativity & Innov. in Bus.,,,SSB,MGTI,3,Recent Syllabi,spring 2016,,,1,0,1,1,2,3,1,1,0,,,,,
INV-310,Strat Mgmt Innovation & Tech,,,SSB,MGTI,3,Recent Syllabi,"spring 2016, New Aug 2019",,,3,0,2,2,2,0,1,3,2,,,,,
INV-410,Designing Innov. Orgs.,,,SSB,MGTI,3,Recent Syllabi,"spring 2016, New Aug 2019",,,0,0,3,1,2,3,1,3,1,,,,,
ITS-192,ITS Internship I,,,ITS,GPRO,2,,FA 18,,,1,0,1,1,1,1,2,2,0,,,,,
ITS-292,ITS Internship II,,,ITS,GPRO,2,,FA 18,,,2,0,2,1,2,1,2,2,0,,,,,
IXD-100,Interaction Design I,"IXDS, INAR",,CCM,IXDS,3,Recent Syllabi,,,,1,0,0,1,0,1,1,0,0,0,,,,
IXD-150,,,,CCM,IXDS,,,,,,0,1,1,0,1,2,1,1,1,1,,,,
IXD-200,Aesthetic Interactions,"IXDS, INAR",GMRT,CCM,IXDS,3,Recent Syllabi,,,,1,0,1,1,1,2,1,2,1,1,,,,
IXD-201,Applied Interactions,,,ITS,IXDS,3,,SP 23,,,3,0,2,1,3,2,2,0,0,2,,,,
IXD-340,User Research PLACEHOLDER,IXDS,,CCM,IXDS,3,,,,,3,3,3,3,2,0,2,1,2,3,,,,
IXD-350,Interaction Design Production,IXDS,,CCM,IXDS,3,Recent Syllabi,,,,2,1,1,1,2,3,3,3,1,1,,,,
IXD-353,Seminar in Interaction Design,IXDS,,CCM,IXDS,3,,,,,2,0,2,2,3,1,1,0,1,2,,,,
IXD-399,Sonic Circuits,,,,IXDS,3,,,,,,,,,,,,,,,,,,
IXD-440,Design Thinking PLACEHOLDER,IXDS,,CCM,IXDS,3,,,,,2,2,3,3,3,1,3,3,3,3,,,,
IXD-450,Design for SI PLACEHOLDER,IXDS,,CCM,IXDS,3,,,,,1,1,3,1,2,3,3,3,3,3,,,,
IXD-451,Studio I PLACEHOLDER,IXDS,,CCM,IXDS,3,,,,,0,0,0,0,0,3,2,0,1,0,,,,
IXD-452,Studio II Placeholder,IXDS,,CCM,IXDS,3,,,,,0,0,0,0,0,3,2,0,1,0,,,,
LAN-140,Japanese I,,,,,3,,,,,,,,,,,,,,,,,,
LAN-240,Japanese II,,,,,3,,,,,,,,,,,,,,,,,,
LAN-340,Japanese III,,,,,3,,,,,,,,,,,,,,,,,,
LEG-100,American National Government,LAW,,SOI,LAW,3,Recent Syllabi,03/01/2012,,,1,,,1,,2,3,,,,,,,
LEG-110,Introduction to Law,LAW,,SOI,LAW,3,,,,,,,,,,,,,,,,,,
LEG-120,Business Law,"ACCT, BSBA, FINA, GMBP, GMPG",MKTG,SOI,LAW,3,,,,,,,,,,,,,,,,,,
LEG-140,Criminal Law,,,SOI,LAW,3,,,,,,,,,,,,,,,,,,
LEG-160,Contracts,LAW,,SOI,LAW,3,,FA 18,,,,,,,,,,,,,,,,
LEG-170,Torts,LAW,,SOI,LAW,3,,,,,,,,,,,,,,,,,,
LEG-210,Civil Procedure I,LAW,,SOI,LAW,3,,New 1/28/2020,,,1,0,2,3,0,0,2,3,1,1,,,,
LEG-211,Civil Procedure II,,,SOI,LAW,3,,FA 20,,,1,0,2,3,0,0,3,3,1,1,,,,
LEG-240,Legal Research & Writing I,LAW,,SOI,LAW,3,,FA 18,,,,,,,,,,,,,,,,
LEG-241,Legal Research & Writing II,,,SOI,LAW,3,,SP 19,,,3,1,3,3,3,2,3,2,1,,,,,
LEG-260,Family Law,,,SOI,LAW,3,,,,,,,,,,,,,,,,,,
LEG-270,Property Law,LAW,,SOI,LAW,3,,,,,,,,,,,,,,,,,,
LEG-310,"Wills, Trusts & Estates",LAW,,SOI,LAW,3,,,,,,,,,,,,,,,,,,
LEG-360,Environmental Law,,,SOI,LAW,3,,,,,,,,,,,,,,,,,,
LEG-370,Evidence,LAW,,SOI,LAW,3,,,,,,,,,,,,,,,,,,
LEG-390,Law Externship,LAW,,SOI,LAW,3,,New 1/28/2020,,,3,0,3,3,3,3,3,1,2,3,,,,
LEG-410,US Constitutional Law,LAW,,SOI,LAW,3,,,,,,,,,,,,,,,,,,
LEG-480,Law in Context Seminar,LAW,,SOI,LAW,3,,21,,,3,0,3,3,3,0,3,0,3,1,,,,
MGT-140,Intro to Game Develop. Mgmt,GMPG,,SSB,GMPG,3,College Approved,"fall 2016, New Dec 2016",,,3,0,1,1,1,1,3,3,1,,,,,
MGT-150,Exploring Analytics,"ACCT, BSBA, DHMS, GMPG, MKTG, MKCM",,CCM,MKCM,3,Recent Syllabi,,,,2,3,1,1,0,0,2,3,0,0,,,,
MGT-210,Catalyzing Positive Organizational Behavior ,,,SSB,BUSA,3,,FA 23,,,,,2,1,2,2,2,3,1,2,1,1,0,0
MGT-210BSBA,Catalyze Positive Org Behavio,,,SSB,BSBA,3,Recent Syllabi,"spring 2016, New Apr 2023",,,1,0,2,1,2,2,2,3,1,2,1,1,0,0
MGT-210GMPG,Catalyze Positive Org Behavio,,,SSB,GMPG,3,Recent Syllabi,spring 2016,,,1,0,2,1,1,0,2,1,0,,,,,
MGT-250,Introduction to Business Analytics,,,SSB,BUSA,3,,SP 20,,,3,3,2,3,1,1,2,1,0,,,,,
MGT-260,Project Mgmt & Team Leadership,"BSBA, MKTG",,SSB,GMPG,3,Recent Syllabi,fall 2016,,,0,0,3,2,0,0,0,3,0,,,,,
MGT-265,Information Systems for Mgmt,FINA,,SSB,BUS,3,Recent Syllabi,fall 2016,,,0,2,1,1,1,0,0,0,0,,,,,
MGT-270,Business of Entrepreneurship,,,SSB,,3,,FA 17,,,2,1,3,1,3,1,3,3,1,,,,,
MGT-290,Business Career Internship,,,SSB,BSBA,3,,,,,,,,,,,,,,,,,,
MGT-315,Positive Organization Development,,,SSB,MGTI,3,Recent Syllabi,spring 2018,,,0,0,3,1,2,2,3,0,0,,,,,
MGT-320,Product/Operation Management,FINA,,SSB,MGTI,3,Recent Syllabi,spring 2016,,,2,2,1,2,2,0,0,1,1,,,,,
MGT-330,HRM I:Talent/Plng/Acquisition,,,SSB,BSBA,3,Recent Syllabi,spring 2016,,,1,0,2,2,2,0,1,0,,,,,,
MGT-331,HRM II:Talent/Dev & Retention,,,SSB,,3,,,,,,,,,,,,,,,,,,
MGT-365,Entrepreneurship: New Venture,,,SSB,,3,,FA 20,,,1,0,3,1,3,3,2,0,0,0,,,,
MGT-390,Advanced Business Internship,"BSBA, GMPG",,SSB,GMPG,3,Syllabus,9/1/2015,,,0,0,3,2,2,0,3,0,2,,,,,
MGT-411A,Bootstrapping & Adv. Business Planning,,,SSB,BUSA,1,,,,,,,,,,,,,,,,,,
MGT-411B,Franchising Seminar,,,SSB,BUSA,1,,,,,,,,,,,,,,,,,,
MGT-411C,"Funding the Venture: Loan,Angels, & VC",,,SSB,BUSA,1,,,,,,,,,,,,,,,,,,
MGT-425,Problem Analysis/Decision Mkg.,,"BSBA, FINA",SSB,BSBA,3,Recent Syllabi,spring 2016,,,1,3,2,3,1,1,1,1,,,,,,
MGT-460,Business Policy/Strategic Mgt,FINA,BSBA,SSB,MGTI,3,College Approved,spring 2016,,,1,2,2,3,3,0,1,2,1,,,,,
MKT-110,Introduction to Marketing,MKCM,,CCM,MKCM,3,,"2/23/2021, New Mar 2023",,,1,0,1,1,3,2,3,2,2,2,,,,
MKT-111,Exploring Marketing I,MKTG,,SSB,MKTG,1,Recent Syllabi,"3/24/2021, New Mar 2023",,,0,0,0,0,1,1,1,0,0,1,,,,
MKT-112,Exploring Marketing II,MKTG,,SSB,MKTG,1,Recent Syllabi,"3/24/2021, New Mar 2023",,,1,0,0,0,2,1,2,0,0,1,,,,
MKT-210MKCM,Consumer Behavior,MKCM,,CCM,MKCM,3,Recent Syllabi,"7/14/2016, New Mar 2023",,,0,0,1,1,0,2,1,2,3,2,,,,
MKT-210MKTG,Consumer Behavior,"GMPG, MKTG",,SSB,MKTG,3,College Approved,3/24/2021,,,0,0,1,3,3,2,2,2,2,2,,,,
MKT-250MKCM,Intro. to Digital Marketing,MKCM,,CCM,MKCM,3,Recent Syllabi,,,,3,2,0,2,3,1,3,2,1,1,,,,
MKT-250MKTG,Intro. to Digital Marketing,MKTG,,SSB,MKTG,3,Recent Syllabi,"3/24/2021, New Mar 2023",,,3,1,1,2,2,1,3,2,1,1,,,,
MKT-255,Marketing Research,MKTG,,SSB,MKTG,3,College Approved,3/24/2021,,,2,3,3,3,2,0,2,1,1,1,,,,
MKT-270MKCM,Integrated Marketing Comm.,MKCM,,CCM,MKCM,3,College Approved,10/22/2018,,,2,0,0,2,3,3,3,1,1,2,,,,
MKT-270MKTG,Integrated Marketing Comm.,MKTG,,SSB,MKTG,3,College Approved,3/24/2021,,,3,1,1,1,2,2,3,1,2,2,,,,
MKT-280,Activist Marketing,,,SSB,,3,,SP 22,,,0,0,1,0,3,2,3,1,2,2,,,,
MKT-290,Marketing Internship,MKTG,,SSB,MKTG,3,College Approved,3/24/2021,,,1,1,1,1,3,1,1,1,1,1,,,,
MKT-340,Nonprofit and Social Marketing,,,SSB,,3,,FA 22,,,1,0,1,1,3,2,3,2,2,3,,,,
MKT-355,Digital Marketing Analytics,DATA,,SSB,,3,,FA 22,,,3,2,3,3,2,0,3,1,0,1,,,,
MKT-430,Strategic Community Mgt.,MKCM,,CCM,MKCM,3,College Approved,1/27/2012,,,3,1,2,3,3,3,3,3,2,2,,,,
MKT-450MKCM,Current Topics in Marketing,MKCM,,CCM,MKCM,3,Recent Syllabi,1/25/2021,,,0,0,2,2,3,3,3,0,2,2,,,,
MKT-450MKTG,Current Topics in Marketing,MKTG,,SSB,MKTG,3,Recent Syllabi,3/24/2021,,,2,0,2,2,3,3,3,0,2,3,,,,
MKT-490,Advanced Marketing Internship,,,SSB,,4,,,,,,,,,,,,,,,,,,
MTH-115,Math for ProbSolv/DecMaking,,"CRCJ, PSYC, PWRT",ITS,MATH,3,,FA 22,,,1,3,2,3,2,1,2,1,1,2,,,,
MTH-125,Precalculus,,APDV,ITS,MATH,3,,FA 18,,,1,3,1,3,0,0,1,0,0,,,,,
MTH-130,Fundamentals of Calculus,,,ITS,MATH,3,,FA 22,,,,,,,,,,,,,,,,
MTH-180,"Statistics, Introduction to","ACCT, ASUS, BSBA, DIGF, CNCS, DATA, FINA, GMBP, GMPG, IXDS, LAW, MKTG, MKCM","CRCJ, GDES, PSYC",CCM,IXDS,3,Recent Syllabi,,,,,3,0,1,0,0,0,0,0,0,,,,
MTH-230,Calculus I,"MATH, CSIN, GPRO",APDV,ITS,MATH,3,College-approved curriculum,,,,2,3,0,1,1,0,1,0,0,0,,,,
MTH-240,Calculus II,MATH,GDES,ITS,MATH,3,Recent Syllabi,,,,2,3,0,1,1,0,1,0,0,0,,,,
MTH-250,"Matrices, Vectors, and 3D Math",GPRO,,ITS,MATH,3,College-approved curriculum,,,,3,3,0,1,1,0,1,0,0,0,,,,
MTH-270,Discrete Mathematics,"MATH, CSIN, GPRO, APDV",,ITS,MATH,3,Recent Syllabi,,,,1,3,0,3,2,0,2,0,0,0,,,,
MTH-275,Mathematical Cryptography,,,ITS,MATH,3,College-approved curriculum,,,,1,3,0,1,1,0,1,0,0,0,,,,
MTH-280,Applied Statistics,DATA,FINA,ITS,MATH,3,,,,,3,3,3,2,2,0,3,2,1,1,,,,
MTH-305,History of Mathematics,,,ITS,MATH,3,,,,,0,3,2,1,1,0,1,0,1,1,,,,
MTH-310,Linear Algebra,MATH,,ITS,MATH,3,Recent Syllabi,,,,2,3,0,1,1,0,1,0,0,0,,,,
MTH-315,Survey of Geometries,,,ITS,MATH,3,,,,,1,3,0,1,1,0,1,0,0,0,,,,
MTH-340,Vector Calculus,MATH,,ITS,MATH,3,College-approved curriculum,,,,1,3,0,1,1,0,1,0,0,0,,,,
MTH-350,Numerical Methods,,,ITS,MATH,3,College-approved curriculum,,,,1,3,0,1,1,0,1,0,0,0,,,,
MTH-380,Probability and Statistics,MATH,,ITS,MATH,3,,,,,1,3,1,1,2,0,1,0,0,0,,,,
MTH-400,Advanced Topics in Math,,,ITS,MATH,3,,FA 22,,,1,3,1,3,1,0,1,1,1,2,,,,
MTH-480,,,,ITS,MATH,,,,,,2,3,3,2,2,0,3,0,0,0,,,,
NET-120,Computers and Telecommunications,,,ITS,CNCS,3,,,,,,,,,,,,,,,,,,
NET-150,Network Fundamentals,DIGF,,ITS,CNCS,3,Recent Syllabi and/or reviewed assignments,,,,0,2,0,2,0,1,1,0,2,0,,,,
NET-215,Network Protocols,CNCS,,ITS,CNCS,3,Recent Syllabi and/or reviewed assignments,,,,2,0,1,2,3,0,2,0,1,0,,,,
NET-330,Network Design,CNCS,,ITS,CNCS,3,Recent Syllabi and/or reviewed assignments,,,,1,0,3,3,3,2,2,3,0,0,,,,
NET-480,Advanced Topics in Networking,,CNCS,ITS,MATH,3,,FA 18,,,3,1,3,2,3,2,2,0,0,,,,,
NET-490,Internship,,,ITS,CNCS,3,,,,,,,,,,,,,,,,,,
PSY-100,"Psychology, Introduction to","ASUS, PSYC",,SOI,PSYC,3,Recent Syllabi, Fall 2016,,,0,0,3,3,2,1,2,1,0,0,,,,
PSY-105,The Learning Curve,,,SOI,PSYC,3,College-approved curriculum,Spring 2012,,,3,0,2,1,1,1,0,3,0,0,,,,
PSY-110,"Applied Psychology, Introduction to",,,SOI,PSYC,3,Recent Syllabi,Fall 2016,,,3,0,3,2,2,0,2,2,3,0,,,,
PSY-115,CollegeCornerstone:Psychology,PSYC,,SOI,PSYC,3,,FA 21,,,3,0,1,1,1,1,1,2,1,1,,,,
PSY-125,Child & Adol Psych,EDUC,,SOI,PSYC,3,,FA 21,,,0,0,0,3,3,2,2,2,1,2,,,,
PSY-180,Positive Psychology,,,SOI,PSYC,3,Recent Syllabi,Spring 2016,,,0,0,3,3,2,1,1,1,1,0,,,,
PSY-185,Mindcraft: Psych of Wellbeing,PSYC,,SOI,PSYC,3,,FA 20,,,0,0,3,0,3,0,0,0,1,0,,,,
PSY-200,App Psy: Theory to Analyses,PSYC,,SOI,PSYC,3,,SP 23,,,0,3,2,3,1,0,0,1,0,1,,,,
PSY-201,Research Methods & Analysis I,PSYC,,SOI,PSYC,3,College-approved curriculum,Fall 2016,,,1,3,2,2,1,2,1,3,0,0,,,,
PSY-202,Research Methods & Analysis II,PSYC,,SOI,PSYC,3,College-approved curriculum,Spring 2016,,,2,3,2,3,2,3,2,3,1,0,,,,
PSY-205,Abnormal Psychology,PSYC,,SOI,PSYC,3,Recent Syllabi,Fall 2016,,,0,0,2,3,3,1,3,0,1,0,,,,
PSY-210IXDS,Cognitive Psychology,IXDS,,CCM,IXDS,3,Recent Syllabi,,,,1,2,1,1,0,0,1,0,0,0,,,,
PSY-210PSYC,Cognitive Psychology,PSYC,,SOI,PSYC,3,Recent Syllabi,Spring 2016,,,1,0,3,3,2,1,0,0,0,0,,,,
PSY-220,Developmental Psychology,PSYC,,SOI,PSYC,3,Recent Syllabi,Spring,,,1,0,3,2,3,0,3,2,0,0,,,,
PSY-240,Social Psychology,PSYC,,SOI,PSYC,3,College-approved curriculum,Spring 2016,,,0,0,3,2,3,1,2,0,1,0,,,,
PSY-290,Career Internship I,PSYC,,SOI,PSYC,2,,SP 23,,,1,0,2,0,0,1,3,2,0,1,,,,
PSY-305,Psychology and Music,,,SOI,PSYC,3,College-approved curriculum,Spring 2016,,,0,2,1,2,3,3,0,0,0,0,,,,
PSY-310,Attachment and Close Relationships,,,SOI,PSYC,3,College-approved curriculum,Spring 2012,,,0,1,2,3,3,0,1,1,0,0,,,,
PSY-320,Personality Theories,,,SOI,PSYC,3,College-approved curriculum,Fall 2011,,,0,1,2,3,3,0,1,0,0,0,,,,
PSY-330,Psychology and Law,,,SOI,PSYC,3,College-approved curriculum,Spring 2012,,,0,0,3,2,3,1,3,0,1,0,,,,
PSY-340,Behavioral Neuroscience,PSYC,,SOI,PSYC,4,College-approved curriculum,"Spring 2014, New Mar 2023",,,0,3,2,3,1,0,1,0,0,1,,,,
PSY-350,Sports Psychology,,,SOI,PSYC,3,College-approved curriculum,Spring 2013,,,0,0,2,3,3,3,1,0,1,0,,,,
PSY-360,Media Psychology,,,SOI,PSYC,3,College-approved curriculum,Spring 2013,,,1,0,1,3,3,1,1,1,1,0,,,,
PSY-370,Health Psychology,,,SOI,PSYC,3,College-approved curriculum,Spring 2013,,,0,0,2,1,3,2,1,2,3,0,,,,
PSY-380,Multicultural Psychology,,,SOI,PSYC,3,College-approved curriculum,Spring 2015,,,1,0,1,3,3,2,1,0,3,0,,,,
PSY-395,Advanced Research Internship I,,,SOI,PSYC,3,College-approved curriculum,Fall 2014,,,3,1,1,1,3,3,2,0,0,0,,,,
PSY-396,Advanced Research Internship II,,,SOI,PSYC,3,College-approved curriculum,Fall 2014,,,1,3,1,1,3,3,2,0,0,0,,,,
PSY-400,Career Launch Senior Seminar,,,SOI,PSYC,3,,,,,,,,,,,,,,,,,,
PSY-405,Music for Health and Wellbeing,,,SOI,PSYC,3,,SP 22,,,0,0,2,3,0,3,0,0,0,1,,,,
PSY-420,Applied Psychology: Forensic Science,,,SOI,PSYC,3,College-approved curriculum,Spring 2016,,,0,0,1,1,3,3,0,2,3,0,,,,
PSY-430,Healthy Aging,,,SOI,PSYC,3,College-approved curriculum,Fall 2014,,,0,0,3,2,3,3,0,2,2,2,,,,
PSY-450,Counseling Skills,,,SOI,PSYC,3,Recent Syllabi,"Spring 2016, New Mar 2023",,,0,0,3,3,2,1,3,2,2,1,,,,
PSY-460,Applied Psych.:Healthy Organizations,,,SOI,PSYC,3,Recent Syllabi,Fall 2015,,,0,0,3,2,3,3,0,1,2,0,,,,
PSY-490,Applied Psych Internship I,PSYC,,SOI,PSYC,3,Recent Syllabi,Fall 2016,,,0,0,2,1,3,1,1,3,2,0,,,,
PSY-491,Applied Psych Internship II,,,SOI,PSYC,3,Recent Syllabi,Spring 2016,,,0,0,2,1,3,1,1,3,2,0,,,,
SCI-115,"Human Biology, Introduction to","DATA, PSYC",SOWK,ITS,,4,,,,,,,,,,,,,,,,,,
SCI-140,Nutrition & Fitness/Biology of,,SOWK,ITS,,4,,,,,,,,,,,,,,,,,,
SCI-150,Environmental Earth Sciences,ASUS,,ITS,,4,,FA 22,,,1,3,0,2,0,0,0,0,0,0,,,,
SCI-170,"Forensic Science, Intro to","DIGF, CRCJ",,ITS,,4,,FA 22,,,1,3,1,2,0,0,0,0,0,0,,,,
SCI-210,Foundations of Ecology,,,ITS,,4,,,,,,,,,,,,,,,,,,
SCI-250,Physics I,GPRO,,ITS,,4,,,,,,,,,,,,,,,,,,
SCI-310,Adv Environmental Earth Science,,,ITS,,3,,FA 19,,,,,,,,,,,,,,,,
SEC-110,Cybersecurity Fundamentals,CNCS,CRCJ,ITS,CNCS,3,,FA 22,,,1,0,1,1,0,0,1,1,2,0,,,,
SEC-250,Computer & Network Security,"DIGF, CNCS",,ITS,CNCS,3,Recent Syllabi and/or reviewed assignments,,,,2,0,0,3,2,0,2,2,0,1,1,0,2,0
SEC-260,Web and Applications Security,CNCS,,ITS,CNCS,3,Recent Syllabi and/or reviewed assignments,,,,1,0,2,3,2,0,2,1,0,0,,,,
SEC-300,Special Topic:Wireless &Cyber,,,ITS,CNCS,1,,FA 20,,,1,1,1,2,1,0,0,0,0,0,,,,
SEC-335,Eth. Hacking & Pen. Testing,,,ITS,CNCS,3,,,,,,,,,,,,,,,,,,
SEC-345,Information Assurance,,,ITS,CNCS,3,Recent Syllabi and/or reviewed assignments,,,,1,1,3,2,3,2,2,2,2,2,,,,
SEC-350,Network & Security Controls,CNCS,,ITS,CNCS,3,Recent Syllabi and/or reviewed assignments,,,,0,0,3,3,3,3,2,1,0,0,,,,
SEC-440,Systems Security,,,ITS,CNCS,3,,,,,,,,,,,,,,,,,,
SEC-480,Adv Topics in Cyber Security,,CNCS,ITS,CNCS,3,,FA 18,,,3,1,3,2,3,2,2,0,0,,,,,
SON-101,Sound Studio Production,GMSD,,CCM,GMSD,3,College-approved curriculum,,,,2,0,0,2,0,2,1,1,0,1,,,,
SON-120,Fundamentals of Digital Music,GMSD,BRMP,CCM,GMSD,3,College-approved curriculum,,,,2,2,1,1,0,3,3,1,2,2,,,,
SON-131,History of Musical Innovation,GMSD,,CCM,GMSD,3,Recent Syllabi,,,,0,0,2,3,1,1,3,1,3,2,,,,
SON-165,"Business of Music, the",GMSD,,CCM,GMSD,3,Recent Syllabi,,,,0,0,1,2,2,2,3,0,3,3,,,,
SON-200,Game Sound Design I,GMSD,,CCM,GMSD,3,College-approved curriculum,,,,2,0,2,3,2,3,3,3,0,0,,,,
SON-282,Synthesis and Sound Design,GMSD,,CCM,GMSD,3,College-approved curriculum,,,,3,1,1,3,2,3,3,1,3,3,,,,
SON-300,Game Sound Design II,GMSD,,CCM,GMSD,3,College-approved curriculum,,,,3,2,0,0,1,2,3,3,0,0,,,,
SON-340,Film Scoring,,,CCM,GMSD,3,,,,,,,,,,,,,,,,,,
SON-350,Sound Design/Interact.& Games,,,CCM,GMSD,3,,,,,,,,,,,,,,,,,,
SON-410,Portfolio in Game Sound Design,GMSD,,CCM,GMSD,3,College-approved curriculum,,,,0,0,2,3,3,3,3,3,2,2,,,,
SWK-100,"Social Work, Introduction to",SOWK,,SOI,SOWK,3,Recent Syllabi,Spring 2015,,,0,0,3,1,1,0,2,1,2,,,,,
SWK-130,"Disability: Rights, Identity and History",,,SOI,SOWK,1,Recent Syllabi,"Spring 2015, New Oct 2019",,,1,0,2,1,2,0,1,1,3,3,,,,
SWK-140,Survey of Community Agencies,SOWK,,SOI,SOWK,3,Recent Syllabi,"Spring 2015, New Oct 2019",,,0,1,1,1,2,0,3,1,3,2,,,,
SWK-141,Community Experience,,,SOI,SOWK,1,,,,,,,,,,,,,,,,,,
SWK-150,Technology for Change,,,SOI,SOWK,1,,SP 20,,,,,,,,,,,2,1,,,,
SWK-210,Addiction Abuse Studies,SOWK,,SOI,SOWK,3,Recent Syllabi,Spring 2015,,,0,0,1,1,1,0,1,0,2,,,,,
SWK-220,Human Life Span Development,SOWK,,SOI,SOWK,3,Recent Syllabi,Spring 2015,,,0,0,1,1,2,0,1,0,2,,,,,
SWK-230,Intro to LGBTQ Studies,,,SOI,SOWK,3,,,,,,,,,,,,,,,,,,
SWK-235,Human Behav: Person-in-Envir.,SOWK,,SOI,SOWK,3,Recent Syllabi,Spring 2015,,,1,0,2,2,3,0,2,0,2,,,,,
SWK-240,Family Violence,,,SOI,SOWK,3,Recent Syllabi,Spring 2015,,,0,0,2,2,2,0,1,0,1,,,,,
SWK-250,Intro to Antiracist Practice,CRCJ,,SOI,SOWK,3,,SP 21,,,1,0,3,2,2,0,2,3,3,3,,,,
SWK-255,Studies in Soc Just: Poverty,SOWK,,SOI,SOWK,3,,FA 18,,,,,,,,,,,,,,,,
SWK-280,Research Methods Social Work,SOWK,,SOI,SOWK,3,Recent Syllabi,Spring 2015,,,3,3,3,3,3,0,2,0,1,,,,,
SWK-300,Policy Pract.:Local to Global,SOWK,,SOI,SOWK,3,Recent Syllabi,Spring 2015,,,3,1,3,3,3,0,3,1,2,,,,,
SWK-305,SJ: Oppression & Empowerment,"CRCJ, SOWK",,SOI,SOWK,3,Recent Syllabi,Spring 2015,,,0,0,2,2,2,0,3,0,3,,,,,
SWK-310,Generalist Practice I,SOWK,,SOI,SOWK,3,Recent Syllabi,Spring 2015,,,0,0,1,1,3,1,3,1,2,,,,,
SWK-315,Generalist Practice II,SOWK,,SOI,SOWK,3,Recent Syllabi,Spring 2015,,,1,2,2,2,3,0,1,0,1,,,,,
SWK-340,Counseling Interventions,,,SOI,SOWK,3,,SP 23,,,,,2,2,2,0,3,1,3,3,0,0,0,0
SWK-410,Social Work Practice with Older Adults,,,SOI,SOWK,3,Recent Syllabi,"Spring 2015, New Feb 2023",,,1,0,1,2,2,0,1,1,2,3,,,,
SWK-430,Rural Social Work Practice,,,SOI,SOWK,3,Recent Syllabi,Spring 2015,,,0,0,2,2,2,0,1,2,2,,,,,
SWK-450,"Social Work Practice, Adv.",,,SOI,SOWK,3,,SP 23,,,,,2,3,3,0,2,2,2,2,2,1,1,0
SWK-470,Global Social Action,SOWK,,SOI,SOWK,3,Recent Syllabi,Spring 2015,,,0,0,2,2,2,0,1,0,3,,,,,
SWK-490,Social Wk Field Experience I,SOWK,,SOI,SOWK,4,Recent Syllabi,Spring 2015,,,0,1,3,3,3,0,2,1,0,,,,,
SWK-490S,Int. Social Wk Field Seminar I,SOWK,,SOI,SOWK,1,Recent Syllabi,Spring 2015,,,0,1,3,3,3,1,2,2,1,,,,,
SWK-495,Social Wk Field Experience II,SOWK,,SOI,SOWK,4,Recent Syllabi,"Spring 2015, New Apr 2023",,,1,1,3,2,3,1,2,2,3,3,1,1,1,0
SWK-495S,Int. Social Wk Field Seminar,SOWK,,SOI,SOWK,1,,SP 23,,,,,3,2,3,1,2,2,3,3,1,1,1,0
SYS-140,Systems Fundamentals,"DIGF, CNCS",CRCJ,ITS,CNCS,3,Recent Syllabi and/or reviewed assignments,,,,0,0,3,3,3,2,2,0,0,1,,,,
SYS-255,Sysadmin & Net Services I,CNCS,,ITS,CNCS,3,Recent Syllabi and/or reviewed assignments,,,,1,0,2,3,3,1,0,1,0,0,,,,
SYS-265,Sysadmin & Net Services II,CNCS,,ITS,CNCS,3,Recent Syllabi and/or reviewed assignments,,,,1,1,2,3,3,2,1,1,0,0,,,,
SYS-320,Automation and Scripting,CNCS,,ITS,CNCS,3,Recent Syllabi and/or reviewed assignments,,,,1,0,2,3,3,3,1,1,0,0,,,,
SYS-350,Enterprise Virtualization,,,ITS,CNCS,3,,FA 18,,,3,1,2,2,3,2,2,0,0,,,,,
SYS-360,Cloud Admin & Deploy.,,,ITS,CNCS,3,,FA 18,,,3,1,2,2,3,2,2,0,0,,,,,
SYS-480,Advanced Topics in Systems Administration and IT Infrastructure,,CNCS,ITS,CNCS,3,,FA 18,,,3,1,3,2,3,2,2,0,0,,,,,
THE-140,Fundamentals of Acting,,,CCM,,3,,,,,,,,,,,,,,,,,,
VCD-100,Form and Color,"VCDS, IXDS",,CCM,IXDS,3,Recent Syllabi,,,,0,0,0,1,0,1,1,0,0,0,,,,
VCD-100L,Form and Color - Studio,,,CCM,VCDS,0,,,,,,,,,,,,,,,,,,
VCD-110,Image Technology,"BRMP, IXDS",,CCM,IXDS,3,,,,,1,0,0,0,0,2,1,0,0,0,,,,
VCD-111,Visual & Digital Fundamentals,"MKCM, APDV",,CCM,MKCM,3,,,,,3,0,1,1,2,2,3,1,1,1,,,,
VCD-115,The Digital Image,VCDS,,CCM,VCDS,3,,,,,,,,,,,,,,,,,,
VCD-181,Design Solutions,MKCM,,CCM,MKCM,3,,,,,3,0,1,1,2,3,3,1,1,1,,,,
VCD-200,Design and Communication,VCDS,,CCM,VCDS,3,,,,,,,,,,,,,,,,,,
VCD-200L,Design & Communication Studio,,,CCM,VCDS,0,,,,,,,,,,,,,,,,,,
VCD-201,Intro to Typography,VCDS,,CCM,VCDS,3,,,,,,,,,,,,,,,,,,
VCD-202,Form and Space,,,CCM,GDDM,3,,,,,,,,,,,,,,,,,,
VCD-203,Form in Motion,,BRMP,CCM,VCDS,3,,,,,,,,,,,,,,,,,,
VCD-205,Publication Design I,VCDS,,CCM,VCDS,3,,,,,,,,,,,,,,,,,,
VCD-205L,Publication Design I-Studio,,,CCM,VCDS,0,,,,,,,,,,,,,,,,,,
VCD-206,Web Design I,"VCDS, IXDS, APDV",,CCM,IXDS,3,Recent Syllabi,,,,1,1,0,0,0,1,1,0,0,0,,,,
VCD-206L,Web Design I-Studio,,,CCM,VCDS,0,,,,,,,,,,,,,,,,,,
VCD-220,Visual Creativity & Meaning,"VCDS, IXDS",,CCM,IXDS,3,Recent Syllabi,,,,0,0,0,0,1,1,3,0,1,1,,,,
VCD-250,Prof Comm Practice,VCDS,,CCM,VCDS,1,,,,,,,,,,,,,,,,,,
VCD-270,Intermediate Typography,VCDS,,CCM,VCDS,3,,,,,,,,,,,,,,,,,,
VCD-270L,Intermediate Type-Studio,,,CCM,VCDS,0,,,,,,,,,,,,,,,,,,
VCD-300,Projects in Graphic Design I,VCDS,,CCM,VCDS,3,,,,,,,,,,,,,,,,,,
VCD-301,Advanced Typography,VCDS,,CCM,VCDS,3,,,,,,,,,,,,,,,,,,
VCD-302,Graphic Design/Objects&Spaces,,,CCM,VCDS,3,,,,,,,,,,,,,,,,,,
VCD-303,"Illustration, Introduction to",,,CCM,VCDS,3,,,,,,,,,,,,,,,,,,
VCD-305,Publication Design II,,VCDS,CCM,VCDS,3,,,,,,,,,,,,,,,,,,
VCD-306,Web Design II,IXDS,VCDS,CCM,IXDS,3,Recent Syllabi,,,,2,2,1,1,0,1,1,0,0,0,,,,
VCD-307,Form in Motion II,,,CCM,VCDS,3,,,,,,,,,,,,,,,,,,
VCD-310,Graphic Print Production,,,CCM,VCDS,3,,,,,,,,,,,,,,,,,,
VCD-400,Projects in Graphic Design II,VCDS,,CCM,VCDS,3,,,,,,,,,,,,,,,,,,
VCD-430,Creative Production Studio,,BRMP,CCM,VCDS,3,,SP 22,,,2,0,3,2,3,2,3,3,0,3,,,,
VCD-450,Portfolio Studio,VCDS,,CCM,VCDS,2,,SP 23,,,0,0,0,0,0,3,2,0,0,0,,,,
VCD-451,Portfolio Studio II,,,CCM,GDDM,3,,,,,,,,,,,,,,,,,,
WRT-100,"Writing Profession, Intro.",PWRT,,CCM,PWRT,3,,,,,,,3,0,0,3,3,0,0,,,,,
WRT-110,Literary Magazine I,,,CCM,PWRT,1,,,,,,,,,,,,,,,,,,
WRT-120,"Creative Writing, Introduction","INAR, PWRT",,CCM,PWRT,3,,,,,,,0,0,0,3,3,0,0,,,,,
WRT-200,Fundamentals of Journalism,PWRT,,CCM,PWRT,3,,,,,,,2,2,0,3,3,2,1,,,,,
WRT-201,Professional Practices I,,,CCM,PWRT,1,,,,,2,0,1,1,2,2,2,0,0,0,,,,
WRT-215,Magazine Publishing,,,CCM,PWRT,3,,FA 17,,,0,0,3,2,2,3,3,3,2,,,,,
WRT-220,"Creative Writing, Intermediate",INAR,,CCM,PWRT,3,,,,,,,,,,,,,,,,,,
WRT-221,Intermediate Poetry Workshop,,,CCM,PWRT,3,,,,,,,,,,,,,,,,,,
WRT-226,Intermediate Fiction Workshop,,,CCM,PWRT,3,,,,,,,,,,,,,,,,,,
WRT-231,Writing for the Workplace,"CNCS, CRCJ",,CCM,PWRT,3,,,,,0,0,3,1,2,3,3,3,0,0,,,,
WRT-235,Writing Children's Literature,,,CCM,PWRT,3,,,,,,,,,,,,,,,,,,
WRT-237,Interm. Creative Non-Fiction,,,CCM,PWRT,3,,,,,,,,,,,,,,,,,,
WRT-250,Book Publishing/Editor's Role,,,CCM,PWRT,3,,SP 22,,,1,0,2,3,2,2,3,3,0,1,,,,
WRT-280,Reading & Writing/Wilderness,,,CCM,PWRT,3,,,,,,,,,,,,,,,,,,
WRT-301,Professional Practices II,,,CCM,PWRT,1,,20,,,3,0,1,2,1,3,3,0,0,0,,,,
WRT-310,Grant Writing,,,CCM,PWRT,3,,,,,,,,,,,,,,,,,,
WRT-324,Advanced Poetry Workshop,,,CCM,PWRT,3,,,,,,,,,,,,,,,,,,
WRT-325,Advanced Fiction Workshop,,,CCM,PWRT,3,,,,,,,,,,,,,,,,,,
WRT-337,"Creative Non-Fiction, Advanced",,,CCM,PWRT,3,,,,,,,,,,,,,,,,,,
WRT-345,Professional Copy Editing,,,CCM,PWRT,3,,,,,,,,,,,,,,,,,,
WRT-346,Publishing in 21st Century,,,CCM,PWRT,3,,,,,,,2,3,3,3,3,3,2,,,,,
WRT-347,Transmedia Storytelling,DHMS,,CCM,PWRT,3,,FA 19,,,3,0,2,2,3,3,3,3,1,,,,,
WRT-350,Reading and Writing in Genre,,,CCM,PWRT,3,,,,,0,0,2,3,2,3,3,0,2,,,,,
WRT-401,Professional Practices III,,,CCM,PWRT,1,,,,,0,0,2,1,2,2,3,0,1,1,,,,